Oct  1 16:58:27 ubuntu-jammy kernel: [ 1607.050029] [UFW BLOCK] IN=enp0s8 OUT=enp0s3 MAC=08:00:27:c6:5c:fc:08:00:27:bc:d8:68:08:00 SRC=192.168.56.11 DST=8.8.8.8 LEN=1500 TOS=0x00 PREC=0x00 TTL=1 ID=0 DF PROTO=UDP SPT=33351 DPT=44446 LEN=1480 
Oct  1 16:58:28 ubuntu-jammy kernel: [ 1608.239062] [UFW BLOCK] IN=enp0s8 OUT=enp0s3 MAC=08:00:27:c6:5c:fc:08:00:27:bc:d8:68:08:00 SRC=192.168.56.11 DST=8.8.8.8 LEN=1500 TOS=0x00 PREC=0x00 TTL=1 ID=0 DF PROTO=UDP SPT=33351 DPT=44447 LEN=1480 
Oct  1 16:58:29 ubuntu-jammy kernel: [ 1609.239437] [UFW BLOCK] IN=enp0s8 OUT=enp0s3 MAC=08:00:27:c6:5c:fc:08:00:27:bc:d8:68:08:00 SRC=192.168.56.11 DST=8.8.8.8 LEN=1500 TOS=0x00 PREC=0x00 TTL=1 ID=0 DF PROTO=UDP SPT=33351 DPT=44448 LEN=1480 
Oct  1 16:58:30 ubuntu-jammy kernel: [ 1610.448965] [UFW BLOCK] IN=enp0s8 OUT=enp0s3 MAC=08:00:27:c6:5c:fc:08:00:27:bc:d8:68:08:00 SRC=192.168.56.11 DST=8.8.8.8 LEN=1500 TOS=0x00 PREC=0x00 TTL=2 ID=0 DF PROTO=UDP SPT=33351 DPT=44449 LEN=1480 
Oct  1 16:58:31 ubuntu-jammy kernel: [ 1611.556062] [UFW BLOCK] IN=enp0s8 OUT=enp0s3 MAC=08:00:27:c6:5c:fc:08:00:27:bc:d8:68:08:00 SRC=192.168.56.11 DST=8.8.8.8 LEN=1500 TOS=0x00 PREC=0x00 TTL=2 ID=0 DF PROTO=UDP SPT=33351 DPT=44450 LEN=1480 
Oct  1 16:58:32 ubuntu-jammy kernel: [ 1612.651603] [UFW BLOCK] IN=enp0s8 OUT=enp0s3 MAC=08:00:27:c6:5c:fc:08:00:27:bc:d8:68:08:00 SRC=192.168.56.11 DST=8.8.8.8 LEN=1500 TOS=0x00 PREC=0x00 TTL=2 ID=0 DF PROTO=UDP SPT=33351 DPT=44451 LEN=1480 
Oct  1 16:58:33 ubuntu-jammy kernel: [ 1613.696959] [UFW BLOCK] IN=enp0s8 OUT=enp0s3 MAC=08:00:27:c6:5c:fc:08:00:27:bc:d8:68:08:00 SRC=192.168.56.11 DST=8.8.8.8 LEN=1500 TOS=0x00 PREC=0x00 TTL=3 ID=0 DF PROTO=UDP SPT=33351 DPT=44452 LEN=1480 
Oct  1 16:58:34 ubuntu-jammy kernel: [ 1614.703763] [UFW BLOCK] IN=enp0s8 OUT=enp0s3 MAC=08:00:27:c6:5c:fc:08:00:27:bc:d8:68:08:00 SRC=192.168.56.11 DST=8.8.8.8 LEN=1500 TOS=0x00 PREC=0x00 TTL=3 ID=0 DF PROTO=UDP SPT=33351 DPT=44453 LEN=1480 
Oct  1 16:58:35 ubuntu-jammy kernel: [ 1615.705355] [UFW BLOCK] IN=enp0s8 OUT=enp0s3 MAC=08:00:27:c6:5c:fc:08:00:27:bc:d8:68:08:00 SRC=192.168.56.11 DST=8.8.8.8 LEN=1500 TOS=0x00 PREC=0x00 TTL=3 ID=0 DF PROTO=UDP SPT=33351 DPT=44454 LEN=1480 
Oct  1 16:58:36 ubuntu-jammy kernel: [ 1616.721914] [UFW BLOCK] IN=enp0s8 OUT=enp0s3 MAC=08:00:27:c6:5c:fc:08:00:27:bc:d8:68:08:00 SRC=192.168.56.11 DST=8.8.8.8 LEN=1500 TOS=0x00 PREC=0x00 TTL=4 ID=0 DF PROTO=UDP SPT=33351 DPT=44455 LEN=1480 
Oct  1 16:58:48 ubuntu-jammy kernel: [ 1627.948114] [UFW BLOCK] IN=enp0s8 OUT=enp0s3 MAC=08:00:27:c6:5c:fc:08:00:27:bc:d8:68:08:00 SRC=192.168.56.11 DST=8.8.8.8 LEN=1500 TOS=0x00 PREC=0x00 TTL=7 ID=0 DF PROTO=UDP SPT=33351 DPT=44466 LEN=1480 
Oct  1 16:59:07 ubuntu-jammy kernel: [ 1647.321455] [UFW BLOCK] IN=enp0s8 OUT=enp0s3 MAC=08:00:27:c6:5c:fc:08:00:27:bc:d8:68:08:00 SRC=192.168.56.11 DST=8.8.8.8 LEN=1500 TOS=0x00 PREC=0x00 TTL=13 ID=0 DF PROTO=UDP SPT=33351 DPT=44484 LEN=1480 
Oct  1 16:59:27 ubuntu-jammy kernel: [ 1667.789722] [UFW BLOCK] IN=enp0s8 OUT=enp0s3 MAC=08:00:27:c6:5c:fc:08:00:27:bc:d8:68:08:00 SRC=192.168.56.11 DST=8.8.8.8 LEN=1500 TOS=0x00 PREC=0x00 TTL=20 ID=0 DF PROTO=UDP SPT=33351 DPT=44504 LEN=1480 
Oct  1 16:59:47 ubuntu-jammy kernel: [ 1687.274042] [UFW BLOCK] IN=enp0s8 OUT=enp0s3 MAC=08:00:27:c6:5c:fc:08:00:27:bc:d8:68:08:00 SRC=192.168.56.11 DST=8.8.8.8 LEN=1500 TOS=0x00 PREC=0x00 TTL=26 ID=0 DF PROTO=UDP SPT=33351 DPT=44459 LEN=1480 
Oct  1 17:14:24 ubuntu-jammy kernel: [    0.000000] Linux version 5.15.0-191-generic (buildd@lcy02-amd64-042) (gcc (Ubuntu 11.4.0-1ubuntu1~22.04.3) 11.4.0, GNU ld (GNU Binutils for Ubuntu) 2.38) #201-Ubuntu SMP Fri Aug 7 18:39:04 UTC 2026 (Ubuntu 5.15.0-191.201-generic 5.15.209)
Oct  1 17:14:24 ubuntu-jammy kernel: [    0.000000] Command line: BOOT_IMAGE=/boot/vmlinuz-5.15.0-191-generic root=UUID=4f096d6a-4d01-44e7-839c-7bf5ce7f6a01 ro console=tty1 console=ttyS0
Oct  1 17:14:24 ubuntu-jammy kernel: [    0.000000] KERNEL supported cpus:
Oct  1 17:14:24 ubuntu-jammy kernel: [    0.000000]   Intel GenuineIntel
Oct  1 17:14:24 ubuntu-jammy kernel: [    0.000000]   AMD AuthenticAMD
Oct  1 17:14:24 ubuntu-jammy kernel: [    0.000000]   Hygon HygonGenuine
Oct  1 17:14:24 ubuntu-jammy kernel: [    0.000000]   Centaur CentaurHauls
Oct  1 17:14:24 ubuntu-jammy kernel: [    0.000000]   zhaoxin   Shanghai  
Oct  1 17:14:24 ubuntu-jammy kernel: [    0.000000] BIOS-provided physical RAM map:
Oct  1 17:14:24 ubuntu-jammy kernel: [    0.000000] BIOS-e820: [mem 0x0000000000000000-0x000000000009fbff] usable
Oct  1 17:14:24 ubuntu-jammy kernel: [    0.000000] BIOS-e820: [mem 0x000000000009fc00-0x000000000009ffff] reserved
Oct  1 17:14:24 ubuntu-jammy kernel: [    0.000000] BIOS-e820: [mem 0x00000000000f0000-0x00000000000fffff] reserved
Oct  1 17:14:24 ubuntu-jammy kernel: [    0.000000] BIOS-e820: [mem 0x0000000000100000-0x000000003ffeffff] usable
Oct  1 17:14:24 ubuntu-jammy kernel: [    0.000000] BIOS-e820: [mem 0x000000003fff0000-0x000000003fffffff] ACPI data
Oct  1 17:14:24 ubuntu-jammy kernel: [    0.000000] BIOS-e820: [mem 0x00000000fec00000-0x00000000fec00fff] reserved
Oct  1 17:14:24 ubuntu-jammy kernel: [    0.000000] BIOS-e820: [mem 0x00000000fee00000-0x00000000fee00fff] reserved
Oct  1 17:14:24 ubuntu-jammy kernel: [    0.000000] BIOS-e820: [mem 0x00000000fffc0000-0x00000000ffffffff] reserved
Oct  1 17:14:24 ubuntu-jammy kernel: [    0.000000] NX (Execute Disable) protection: active
Oct  1 17:14:24 ubuntu-jammy kernel: [    0.000000] SMBIOS 2.5 present.
Oct  1 17:14:24 ubuntu-jammy kernel: [    0.000000] DMI: innotek GmbH VirtualBox/VirtualBox, BIOS VirtualBox 12/01/2006
Oct  1 17:14:24 ubuntu-jammy kernel: [    0.000000] Hypervisor detected: KVM
Oct  1 17:14:24 ubuntu-jammy kernel: [    0.000000] kvm-clock: Using msrs 4b564d01 and 4b564d00
Oct  1 17:14:24 ubuntu-jammy kernel: [    0.000000] kvm-clock: cpu 0, msr 25201001, primary cpu clock
Oct  1 17:14:24 ubuntu-jammy kernel: [    0.000001] kvm-clock: using sched offset of 3900338141 cycles
Oct  1 17:14:24 ubuntu-jammy kernel: [    0.000004] clocksource: kvm-clock: mask: 0xffffffffffffffff max_cycles: 0x1cd42e4dffb, max_idle_ns: 881590591483 ns
Oct  1 17:14:24 ubuntu-jammy kernel: [    0.000007] tsc: Detected 2399.998 MHz processor
Oct  1 17:14:24 ubuntu-jammy kernel: [    0.002071] e820: update [mem 0x00000000-0x00000fff] usable ==> reserved
Oct  1 17:14:24 ubuntu-jammy kernel: [    0.002075] e820: remove [mem 0x000a0000-0x000fffff] usable
Oct  1 17:14:24 ubuntu-jammy kernel: [    0.002081] last_pfn = 0x3fff0 max_arch_pfn = 0x400000000
Oct  1 17:14:24 ubuntu-jammy kernel: [    0.002089] Disabled
Oct  1 17:14:24 ubuntu-jammy kernel: [    0.002091] x86/PAT: MTRRs disabled, skipping PAT initialization too.
Oct  1 17:14:24 ubuntu-jammy kernel: [    0.002093] CPU MTRRs all blank - virtualized system.
Oct  1 17:14:24 ubuntu-jammy kernel: [    0.002096] x86/PAT: Configuration [0-7]: WB  WT  UC- UC  WB  WT  UC- UC  
Oct  1 17:14:24 ubuntu-jammy kernel: [    0.002137] found SMP MP-table at [mem 0x0009fff0-0x0009ffff]
Oct  1 17:14:24 ubuntu-jammy kernel: [    0.002375] RAMDISK: [mem 0x33f7d000-0x35fb5fff]
Oct  1 17:14:24 ubuntu-jammy kernel: [    0.002378] ACPI: Early table checksum verification disabled
Oct  1 17:14:24 ubuntu-jammy kernel: [    0.002381] ACPI: RSDP 0x00000000000E0000 000024 (v02 VBOX  )
Oct  1 17:14:24 ubuntu-jammy kernel: [    0.002386] ACPI: XSDT 0x000000003FFF0030 00003C (v01 VBOX   VBOXXSDT 00000001 ASL  00000061)
Oct  1 17:14:24 ubuntu-jammy kernel: [    0.002392] ACPI: FACP 0x000000003FFF00F0 0000F4 (v04 VBOX   VBOXFACP 00000001 ASL  00000061)
Oct  1 17:14:24 ubuntu-jammy kernel: [    0.002397] ACPI: DSDT 0x000000003FFF0610 002353 (v02 VBOX   VBOXBIOS 00000002 INTL 20100528)
Oct  1 17:14:24 ubuntu-jammy kernel: [    0.002402] ACPI: FACS 0x000000003FFF0200 000040
Oct  1 17:14:24 ubuntu-jammy kernel: [    0.002405] ACPI: FACS 0x000000003FFF0200 000040
Oct  1 17:14:24 ubuntu-jammy kernel: [    0.002409] ACPI: APIC 0x000000003FFF0240 00005C (v02 VBOX   VBOXAPIC 00000001 ASL  00000061)
Oct  1 17:14:24 ubuntu-jammy kernel: [    0.002413] ACPI: SSDT 0x000000003FFF02A0 00036C (v01 VBOX   VBOXCPUT 00000002 INTL 20100528)
Oct  1 17:14:24 ubuntu-jammy kernel: [    0.002416] ACPI: Reserving FACP table memory at [mem 0x3fff00f0-0x3fff01e3]
Oct  1 17:14:24 ubuntu-jammy kernel: [    0.002418] ACPI: Reserving DSDT table memory at [mem 0x3fff0610-0x3fff2962]
Oct  1 17:14:24 ubuntu-jammy kernel: [    0.002419] ACPI: Reserving FACS table memory at [mem 0x3fff0200-0x3fff023f]
Oct  1 17:14:24 ubuntu-jammy kernel: [    0.002421] ACPI: Reserving FACS table memory at [mem 0x3fff0200-0x3fff023f]
Oct  1 17:14:24 ubuntu-jammy kernel: [    0.002422] ACPI: Reserving APIC table memory at [mem 0x3fff0240-0x3fff029b]
Oct  1 17:14:24 ubuntu-jammy kernel: [    0.002423] ACPI: Reserving SSDT table memory at [mem 0x3fff02a0-0x3fff060b]
Oct  1 17:14:24 ubuntu-jammy kernel: [    0.002627] No NUMA configuration found
Oct  1 17:14:24 ubuntu-jammy kernel: [    0.002628] Faking a node at [mem 0x0000000000000000-0x000000003ffeffff]
Oct  1 17:14:24 ubuntu-jammy kernel: [    0.002636] NODE_DATA(0) allocated [mem 0x3ffc6000-0x3ffeffff]
Oct  1 17:14:24 ubuntu-jammy kernel: [    0.003031] Zone ranges:
Oct  1 17:14:24 ubuntu-jammy kernel: [    0.003033]   DMA      [mem 0x0000000000001000-0x0000000000ffffff]
Oct  1 17:14:24 ubuntu-jammy kernel: [    0.003035]   DMA32    [mem 0x0000000001000000-0x000000003ffeffff]
Oct  1 17:14:24 ubuntu-jammy kernel: [    0.003037]   Normal   empty
Oct  1 17:14:24 ubuntu-jammy kernel: [    0.003039]   Device   empty
Oct  1 17:14:24 ubuntu-jammy kernel: [    0.003041] Movable zone start for each node
Oct  1 17:14:24 ubuntu-jammy kernel: [    0.003043] Early memory node ranges
Oct  1 17:14:24 ubuntu-jammy kernel: [    0.003044]   node   0: [mem 0x0000000000001000-0x000000000009efff]
Oct  1 17:14:24 ubuntu-jammy kernel: [    0.003046]   node   0: [mem 0x0000000000100000-0x000000003ffeffff]
Oct  1 17:14:24 ubuntu-jammy kernel: [    0.003048] Initmem setup node 0 [mem 0x0000000000001000-0x000000003ffeffff]
Oct  1 17:14:24 ubuntu-jammy kernel: [    0.003052] On node 0, zone DMA: 1 pages in unavailable ranges
Oct  1 17:14:24 ubuntu-jammy kernel: [    0.003081] On node 0, zone DMA: 97 pages in unavailable ranges
Oct  1 17:14:24 ubuntu-jammy kernel: [    0.005097] On node 0, zone DMA32: 16 pages in unavailable ranges
Oct  1 17:14:24 ubuntu-jammy kernel: [    0.005463] ACPI: PM-Timer IO Port: 0x4008
Oct  1 17:14:24 ubuntu-jammy kernel: [    0.005511] IOAPIC[0]: apic_id 2, version 32, address 0xfec00000, GSI 0-23
Oct  1 17:14:24 ubuntu-jammy kernel: [    0.005514] ACPI: INT_SRC_OVR (bus 0 bus_irq 0 global_irq 2 dfl dfl)
Oct  1 17:14:24 ubuntu-jammy kernel: [    0.005517] ACPI: INT_SRC_OVR (bus 0 bus_irq 9 global_irq 9 low level)
Oct  1 17:14:24 ubuntu-jammy kernel: [    0.005521] ACPI: Using ACPI (MADT) for SMP configuration information
Oct  1 17:14:24 ubuntu-jammy kernel: [    0.005526] smpboot: Allowing 2 CPUs, 0 hotplug CPUs
Oct  1 17:14:24 ubuntu-jammy kernel: [    0.005540] PM: hibernation: Registered nosave memory: [mem 0x00000000-0x00000fff]
Oct  1 17:14:24 ubuntu-jammy kernel: [    0.005543] PM: hibernation: Registered nosave memory: [mem 0x0009f000-0x000fffff]
Oct  1 17:14:24 ubuntu-jammy kernel: [    0.005544] [mem 0x40000000-0xfebfffff] available for PCI devices
Oct  1 17:14:24 ubuntu-jammy kernel: [    0.005546] Booting paravirtualized kernel on KVM
Oct  1 17:14:24 ubuntu-jammy kernel: [    0.005548] clocksource: refined-jiffies: mask: 0xffffffff max_cycles: 0xffffffff, max_idle_ns: 7645519600211568 ns
Oct  1 17:14:24 ubuntu-jammy kernel: [    0.005553] setup_percpu: NR_CPUS:8192 nr_cpumask_bits:2 nr_cpu_ids:2 nr_node_ids:1
Oct  1 17:14:24 ubuntu-jammy kernel: [    0.005635] percpu: Embedded 62 pages/cpu s217088 r8192 d28672 u1048576
Oct  1 17:14:24 ubuntu-jammy kernel: [    0.005640] pcpu-alloc: s217088 r8192 d28672 u1048576 alloc=1*2097152
Oct  1 17:14:24 ubuntu-jammy kernel: [    0.005642] pcpu-alloc: [0] 0 1 
Oct  1 17:14:24 ubuntu-jammy kernel: [    0.005662] kvm-guest: PV spinlocks enabled
Oct  1 17:14:24 ubuntu-jammy kernel: [    0.005665] PV qspinlock hash table entries: 256 (order: 0, 4096 bytes, linear)
Oct  1 17:14:24 ubuntu-jammy kernel: [    0.005671] Built 1 zonelists, mobility grouping on.  Total pages: 257776
Oct  1 17:14:24 ubuntu-jammy kernel: [    0.005673] Policy zone: DMA32
Oct  1 17:14:24 ubuntu-jammy kernel: [    0.005675] Kernel command line: BOOT_IMAGE=/boot/vmlinuz-5.15.0-191-generic root=UUID=4f096d6a-4d01-44e7-839c-7bf5ce7f6a01 ro console=tty1 console=ttyS0
Oct  1 17:14:24 ubuntu-jammy kernel: [    0.005751] Dentry cache hash table entries: 131072 (order: 8, 1048576 bytes, linear)
Oct  1 17:14:24 ubuntu-jammy kernel: [    0.005768] Inode-cache hash table entries: 65536 (order: 7, 524288 bytes, linear)
Oct  1 17:14:24 ubuntu-jammy kernel: [    0.005805] mem auto-init: stack:off, heap alloc:on, heap free:off
Oct  1 17:14:24 ubuntu-jammy kernel: [    0.007622] Memory: 938172K/1048120K available (16393K kernel code, 4402K rwdata, 11004K rodata, 3292K init, 18768K bss, 109688K reserved, 0K cma-reserved)
Oct  1 17:14:24 ubuntu-jammy kernel: [    0.008432] SLUB: HWalign=64, Order=0-3, MinObjects=0, CPUs=2, Nodes=1
Oct  1 17:14:24 ubuntu-jammy kernel: [    0.008477] Kernel/User page tables isolation: enabled
Oct  1 17:14:24 ubuntu-jammy kernel: [    0.008524] ftrace: allocating 50910 entries in 199 pages
Oct  1 17:14:24 ubuntu-jammy kernel: [    0.032469] ftrace: allocated 199 pages with 5 groups
Oct  1 17:14:24 ubuntu-jammy kernel: [    0.032616] rcu: Hierarchical RCU implementation.
Oct  1 17:14:24 ubuntu-jammy kernel: [    0.032617] rcu: 	RCU restricting CPUs from NR_CPUS=8192 to nr_cpu_ids=2.
Oct  1 17:14:24 ubuntu-jammy kernel: [    0.032619] 	Rude variant of Tasks RCU enabled.
Oct  1 17:14:24 ubuntu-jammy kernel: [    0.032620] 	Tracing variant of Tasks RCU enabled.
Oct  1 17:14:24 ubuntu-jammy kernel: [    0.032621] rcu: RCU calculated value of scheduler-enlistment delay is 25 jiffies.
Oct  1 17:14:24 ubuntu-jammy kernel: [    0.032622] rcu: Adjusting geometry for rcu_fanout_leaf=16, nr_cpu_ids=2
Oct  1 17:14:24 ubuntu-jammy kernel: [    0.037916] NR_IRQS: 524544, nr_irqs: 440, preallocated irqs: 16
Oct  1 17:14:24 ubuntu-jammy kernel: [    0.038255] random: crng init done
Oct  1 17:14:24 ubuntu-jammy kernel: [    0.047308] Console: colour VGA+ 80x25
Oct  1 17:14:24 ubuntu-jammy kernel: [    0.073167] printk: console [tty1] enabled
Oct  1 17:14:24 ubuntu-jammy kernel: [    0.170738] printk: console [ttyS0] enabled
Oct  1 17:14:24 ubuntu-jammy kernel: [    0.172026] ACPI: Core revision 20210730
Oct  1 17:14:24 ubuntu-jammy kernel: [    0.172909] APIC: Switch to symmetric I/O mode setup
Oct  1 17:14:24 ubuntu-jammy kernel: [    0.174162] x2apic enabled
Oct  1 17:14:24 ubuntu-jammy kernel: [    0.174992] Switched APIC routing to physical x2apic.
Oct  1 17:14:24 ubuntu-jammy kernel: [    0.177000] ..TIMER: vector=0x30 apic1=0 pin1=2 apic2=-1 pin2=-1
Oct  1 17:14:24 ubuntu-jammy kernel: [    0.178139] clocksource: tsc-early: mask: 0xffffffffffffffff max_cycles: 0x229835b7123, max_idle_ns: 440795242976 ns
Oct  1 17:14:24 ubuntu-jammy kernel: [    0.180130] Calibrating delay loop (skipped) preset value.. 4799.99 BogoMIPS (lpj=9599992)
Oct  1 17:14:24 ubuntu-jammy kernel: [    0.184243] Last level iTLB entries: 4KB 64, 2MB 8, 4MB 8
Oct  1 17:14:24 ubuntu-jammy kernel: [    0.185260] Last level dTLB entries: 4KB 64, 2MB 32, 4MB 32, 1GB 4
Oct  1 17:14:24 ubuntu-jammy kernel: [    0.186483] Spectre V1 : Mitigation: usercopy/swapgs barriers and __user pointer sanitization
Oct  1 17:14:24 ubuntu-jammy kernel: [    0.188129] Spectre V2 : Mitigation: Retpolines
Oct  1 17:14:24 ubuntu-jammy kernel: [    0.189001] Spectre V2 : Spectre v2 / SpectreRSB: Filling RSB on context switch and VMEXIT
Oct  1 17:14:24 ubuntu-jammy kernel: [    0.190534] RETBleed: WARNING: Spectre v2 mitigation leaves CPU vulnerable to RETBleed attacks, data leaks possible!
Oct  1 17:14:24 ubuntu-jammy kernel: [    0.192128] RETBleed: Vulnerable
Oct  1 17:14:24 ubuntu-jammy kernel: [    0.192795] Speculative Store Bypass: Vulnerable
Oct  1 17:14:24 ubuntu-jammy kernel: [    0.193675] MDS: Mitigation: Clear CPU buffers
Oct  1 17:14:24 ubuntu-jammy kernel: [    0.194622] MMIO Stale Data: Mitigation: Clear CPU buffers
Oct  1 17:14:24 ubuntu-jammy kernel: [    0.196128] SRBDS: Unknown: Dependent on hypervisor status
Oct  1 17:14:24 ubuntu-jammy kernel: [    0.197156] GDS: Unknown: Dependent on hypervisor status
Oct  1 17:14:24 ubuntu-jammy kernel: [    0.198225] active return thunk: its_return_thunk
Oct  1 17:14:24 ubuntu-jammy kernel: [    0.199134] ITS: Mitigation: Aligned branch/return thunks
Oct  1 17:14:24 ubuntu-jammy kernel: [    0.200148] x86/fpu: Supporting XSAVE feature 0x001: 'x87 floating point registers'
Oct  1 17:14:24 ubuntu-jammy kernel: [    0.201612] x86/fpu: Supporting XSAVE feature 0x002: 'SSE registers'
Oct  1 17:14:24 ubuntu-jammy kernel: [    0.202945] x86/fpu: Supporting XSAVE feature 0x004: 'AVX registers'
Oct  1 17:14:24 ubuntu-jammy kernel: [    0.204129] x86/fpu: xstate_offset[2]:  576, xstate_sizes[2]:  256
Oct  1 17:14:24 ubuntu-jammy kernel: [    0.205288] x86/fpu: Enabled xstate features 0x7, context size is 832 bytes, using 'standard' format.
Oct  1 17:14:24 ubuntu-jammy kernel: [    0.226558] Freeing SMP alternatives memory: 44K
Oct  1 17:14:24 ubuntu-jammy kernel: [    0.228129] pid_max: default: 32768 minimum: 301
Oct  1 17:14:24 ubuntu-jammy kernel: [    0.229112] LSM: Security Framework initializing
Oct  1 17:14:24 ubuntu-jammy kernel: [    0.230127] landlock: Up and running.
Oct  1 17:14:24 ubuntu-jammy kernel: [    0.230877] Yama: becoming mindful.
Oct  1 17:14:24 ubuntu-jammy kernel: [    0.231655] AppArmor: AppArmor initialized
Oct  1 17:14:24 ubuntu-jammy kernel: [    0.232154] Mount-cache hash table entries: 2048 (order: 2, 16384 bytes, linear)
Oct  1 17:14:24 ubuntu-jammy kernel: [    0.233769] Mountpoint-cache hash table entries: 2048 (order: 2, 16384 bytes, linear)
Oct  1 17:14:24 ubuntu-jammy kernel: [    0.344184] smpboot: CPU0: Intel(R) Core(TM) i5-9300H CPU @ 2.40GHz (family: 0x6, model: 0x9e, stepping: 0xa)
Oct  1 17:14:24 ubuntu-jammy kernel: [    0.346317] Performance Events: unsupported p6 CPU model 158 no PMU driver, software events only.
Oct  1 17:14:24 ubuntu-jammy kernel: [    0.348050] signal: max sigframe size: 1776
Oct  1 17:14:24 ubuntu-jammy kernel: [    0.348148] rcu: Hierarchical SRCU implementation.
Oct  1 17:14:24 ubuntu-jammy kernel: [    0.349544] NMI watchdog: Perf NMI watchdog permanently disabled
Oct  1 17:14:24 ubuntu-jammy kernel: [    0.350781] smp: Bringing up secondary CPUs ...
Oct  1 17:14:24 ubuntu-jammy kernel: [    0.352201] x86: Booting SMP configuration:
Oct  1 17:14:24 ubuntu-jammy kernel: [    0.353114] .... node  #0, CPUs:      #1
Oct  1 17:14:24 ubuntu-jammy kernel: [    0.141893] kvm-clock: cpu 1, msr 25201041, secondary cpu clock
Oct  1 17:14:24 ubuntu-jammy kernel: [    0.356157] smp: Brought up 1 node, 2 CPUs
Oct  1 17:14:24 ubuntu-jammy kernel: [    0.358128] smpboot: Max logical packages: 1
Oct  1 17:14:24 ubuntu-jammy kernel: [    0.358999] smpboot: Total of 2 processors activated (9599.99 BogoMIPS)
Oct  1 17:14:24 ubuntu-jammy kernel: [    0.360238] devtmpfs: initialized
Oct  1 17:14:24 ubuntu-jammy kernel: [    0.360823] x86/mm: Memory block size: 128MB
Oct  1 17:14:24 ubuntu-jammy kernel: [    0.361872] clocksource: jiffies: mask: 0xffffffff max_cycles: 0xffffffff, max_idle_ns: 7645041785100000 ns
Oct  1 17:14:24 ubuntu-jammy kernel: [    0.364132] futex hash table entries: 512 (order: 3, 32768 bytes, linear)
Oct  1 17:14:24 ubuntu-jammy kernel: [    0.365701] pinctrl core: initialized pinctrl subsystem
Oct  1 17:14:24 ubuntu-jammy kernel: [    0.368128] PM: RTC time: 17:15:40, date: 2026-10-01
Oct  1 17:14:24 ubuntu-jammy kernel: [    0.369352] NET: Registered PF_NETLINK/PF_ROUTE protocol family
Oct  1 17:14:24 ubuntu-jammy kernel: [    0.370659] DMA: preallocated 128 KiB GFP_KERNEL pool for atomic allocations
Oct  1 17:14:24 ubuntu-jammy kernel: [    0.372120] DMA: preallocated 128 KiB GFP_KERNEL|GFP_DMA pool for atomic allocations
Oct  1 17:14:24 ubuntu-jammy kernel: [    0.372135] DMA: preallocated 128 KiB GFP_KERNEL|GFP_DMA32 pool for atomic allocations
Oct  1 17:14:24 ubuntu-jammy kernel: [    0.373812] audit: initializing netlink subsys (disabled)
Oct  1 17:14:24 ubuntu-jammy kernel: [    0.376153] audit: type=2000 audit(1790874945.680:1): state=initialized audit_enabled=0 res=1
Oct  1 17:14:24 ubuntu-jammy kernel: [    0.376225] thermal_sys: Registered thermal governor 'fair_share'
Oct  1 17:14:24 ubuntu-jammy kernel: [    0.377849] thermal_sys: Registered thermal governor 'bang_bang'
Oct  1 17:14:24 ubuntu-jammy kernel: [    0.379146] thermal_sys: Registered thermal governor 'step_wise'
Oct  1 17:14:24 ubuntu-jammy kernel: [    0.380129] thermal_sys: Registered thermal governor 'user_space'
Oct  1 17:14:24 ubuntu-jammy kernel: [    0.381366] thermal_sys: Registered thermal governor 'power_allocator'
Oct  1 17:14:24 ubuntu-jammy kernel: [    0.382700] cpuidle: using governor ladder
Oct  1 17:14:24 ubuntu-jammy kernel: [    0.384980] cpuidle: using governor menu
Oct  1 17:14:24 ubuntu-jammy kernel: [    0.385927] ACPI: bus type PCI registered
Oct  1 17:14:24 ubuntu-jammy kernel: [    0.386788] acpiphp: ACPI Hot Plug PCI Controller Driver version: 0.5
Oct  1 17:14:24 ubuntu-jammy kernel: [    0.388220] PCI: Using configuration type 1 for base access
Oct  1 17:14:24 ubuntu-jammy kernel: [    0.391549] kprobes: kprobe jump-optimization is enabled. All kprobes are optimized if possible.
Oct  1 17:14:24 ubuntu-jammy kernel: [    0.392155] HugeTLB registered 2.00 MiB page size, pre-allocated 0 pages
Oct  1 17:14:24 ubuntu-jammy kernel: [    0.396195] ACPI: Added _OSI(Module Device)
Oct  1 17:14:24 ubuntu-jammy kernel: [    0.397059] ACPI: Added _OSI(Processor Device)
Oct  1 17:14:24 ubuntu-jammy kernel: [    0.398018] ACPI: Added _OSI(Processor Aggregator Device)
Oct  1 17:14:24 ubuntu-jammy kernel: [    0.400136] ACPI: Added _OSI(Linux-Dell-Video)
Oct  1 17:14:24 ubuntu-jammy kernel: [    0.401082] ACPI: Added _OSI(Linux-Lenovo-NV-HDMI-Audio)
Oct  1 17:14:24 ubuntu-jammy kernel: [    0.402621] ACPI: Added _OSI(Linux-HPI-Hybrid-Graphics)
Oct  1 17:14:24 ubuntu-jammy kernel: [    0.407079] ACPI: 2 ACPI AML tables successfully acquired and loaded
Oct  1 17:14:24 ubuntu-jammy kernel: [    0.409777] ACPI: Interpreter enabled
Oct  1 17:14:24 ubuntu-jammy kernel: [    0.410567] ACPI: PM: (supports S0 S5)
Oct  1 17:14:24 ubuntu-jammy kernel: [    0.412135] ACPI: Using IOAPIC for interrupt routing
Oct  1 17:14:24 ubuntu-jammy kernel: [    0.413553] PCI: Using host bridge windows from ACPI; if necessary, use "pci=nocrs" and report a bug
Oct  1 17:14:24 ubuntu-jammy kernel: [    0.415623] PCI: Using E820 reservations for host bridge windows
Oct  1 17:14:24 ubuntu-jammy kernel: [    0.416267] ACPI: Enabled 2 GPEs in block 00 to 07
Oct  1 17:14:24 ubuntu-jammy kernel: [    0.423650] ACPI: PCI Root Bridge [PCI0] (domain 0000 [bus 00-ff])
Oct  1 17:14:24 ubuntu-jammy kernel: [    0.424133] acpi PNP0A03:00: _OSC: OS supports [ASPM ClockPM Segments MSI EDR HPX-Type3]
Oct  1 17:14:24 ubuntu-jammy kernel: [    0.426321] acpi PNP0A03:00: _OSC: not requesting OS control; OS requires [ExtendedConfig ASPM ClockPM MSI]
Oct  1 17:14:24 ubuntu-jammy kernel: [    0.428138] acpi PNP0A03:00: fail to add MMCONFIG information, can't access extended PCI configuration space under this bridge.
Oct  1 17:14:24 ubuntu-jammy kernel: [    0.430746] PCI host bridge to bus 0000:00
Oct  1 17:14:24 ubuntu-jammy kernel: [    0.432129] pci_bus 0000:00: root bus resource [io  0x0000-0x0cf7 window]
Oct  1 17:14:24 ubuntu-jammy kernel: [    0.433618] pci_bus 0000:00: root bus resource [io  0x0d00-0xffff window]
Oct  1 17:14:24 ubuntu-jammy kernel: [    0.434990] pci_bus 0000:00: root bus resource [mem 0x000a0000-0x000bffff window]
Oct  1 17:14:24 ubuntu-jammy kernel: [    0.436129] pci_bus 0000:00: root bus resource [mem 0x40000000-0xfdffffff window]
Oct  1 17:14:24 ubuntu-jammy kernel: [    0.437755] pci_bus 0000:00: root bus resource [bus 00-ff]
Oct  1 17:14:24 ubuntu-jammy kernel: [    0.440525] pci 0000:00:00.0: [8086:1237] type 00 class 0x060000
Oct  1 17:14:24 ubuntu-jammy kernel: [    0.442669] pci 0000:00:01.0: [8086:7000] type 00 class 0x060100
Oct  1 17:14:24 ubuntu-jammy kernel: [    0.444590] pci 0000:00:01.1: [8086:7111] type 00 class 0x01018a
Oct  1 17:14:24 ubuntu-jammy kernel: [    0.446268] pci 0000:00:01.1: reg 0x20: [io  0xd000-0xd00f]
Oct  1 17:14:24 ubuntu-jammy kernel: [    0.448157] pci 0000:00:01.1: legacy IDE quirk: reg 0x10: [io  0x01f0-0x01f7]
Oct  1 17:14:24 ubuntu-jammy kernel: [    0.449591] pci 0000:00:01.1: legacy IDE quirk: reg 0x14: [io  0x03f6]
Oct  1 17:14:24 ubuntu-jammy kernel: [    0.450854] pci 0000:00:01.1: legacy IDE quirk: reg 0x18: [io  0x0170-0x0177]
Oct  1 17:14:24 ubuntu-jammy kernel: [    0.452131] pci 0000:00:01.1: legacy IDE quirk: reg 0x1c: [io  0x0376]
Oct  1 17:14:24 ubuntu-jammy kernel: [    0.454730] pci 0000:00:02.0: [80ee:beef] type 00 class 0x030000
Oct  1 17:14:24 ubuntu-jammy kernel: [    0.457145] pci 0000:00:02.0: reg 0x10: [mem 0xe0000000-0xe0ffffff pref]
Oct  1 17:14:24 ubuntu-jammy kernel: [    0.458612] pci 0000:00:02.0: Video device with shadowed ROM at [mem 0x000c0000-0x000dffff]
Oct  1 17:14:24 ubuntu-jammy kernel: [    0.460726] pci 0000:00:03.0: [8086:100e] type 00 class 0x020000
Oct  1 17:14:24 ubuntu-jammy kernel: [    0.462783] pci 0000:00:03.0: reg 0x10: [mem 0xf0000000-0xf001ffff]
Oct  1 17:14:24 ubuntu-jammy kernel: [    0.464147] pci 0000:00:03.0: reg 0x18: [io  0xd010-0xd017]
Oct  1 17:14:24 ubuntu-jammy kernel: [    0.466163] pci 0000:00:04.0: [80ee:cafe] type 00 class 0x088000
Oct  1 17:14:24 ubuntu-jammy kernel: [    0.468832] pci 0000:00:04.0: reg 0x10: [io  0xd020-0xd03f]
Oct  1 17:14:24 ubuntu-jammy kernel: [    0.470028] pci 0000:00:04.0: reg 0x14: [mem 0xf0400000-0xf07fffff]
Oct  1 17:14:24 ubuntu-jammy kernel: [    0.471550] pci 0000:00:04.0: reg 0x18: [mem 0xf0800000-0xf0803fff pref]
Oct  1 17:14:24 ubuntu-jammy kernel: [    0.472793] pci 0000:00:05.0: [8086:2415] type 00 class 0x040100
Oct  1 17:14:24 ubuntu-jammy kernel: [    0.474337] pci 0000:00:05.0: reg 0x10: [io  0xd100-0xd1ff]
Oct  1 17:14:24 ubuntu-jammy kernel: [    0.476140] pci 0000:00:05.0: reg 0x14: [io  0xd200-0xd23f]
Oct  1 17:14:24 ubuntu-jammy kernel: [    0.478228] pci 0000:00:07.0: [8086:7113] type 00 class 0x068000
Oct  1 17:14:24 ubuntu-jammy kernel: [    0.480294] pci 0000:00:07.0: quirk: [io  0x4000-0x403f] claimed by PIIX4 ACPI
Oct  1 17:14:24 ubuntu-jammy kernel: [    0.481861] pci 0000:00:07.0: quirk: [io  0x4100-0x410f] claimed by PIIX4 SMB
Oct  1 17:14:24 ubuntu-jammy kernel: [    0.483989] pci 0000:00:08.0: [8086:100e] type 00 class 0x020000
Oct  1 17:14:24 ubuntu-jammy kernel: [    0.484856] pci 0000:00:08.0: reg 0x10: [mem 0xf0820000-0xf083ffff]
Oct  1 17:14:24 ubuntu-jammy kernel: [    0.486094] pci 0000:00:08.0: reg 0x18: [io  0xd240-0xd247]
Oct  1 17:14:24 ubuntu-jammy kernel: [    0.492222] pci 0000:00:14.0: [1000:0030] type 00 class 0x010000
Oct  1 17:14:24 ubuntu-jammy kernel: [    0.494552] pci 0000:00:14.0: reg 0x10: [io  0xd300-0xd3ff]
Oct  1 17:14:24 ubuntu-jammy kernel: [    0.495677] pci 0000:00:14.0: reg 0x14: [mem 0xf0840000-0xf085ffff]
Oct  1 17:14:24 ubuntu-jammy kernel: [    0.496138] pci 0000:00:14.0: reg 0x18: [mem 0xf0860000-0xf087ffff]
Oct  1 17:14:24 ubuntu-jammy kernel: [    0.502320] ACPI: PCI: Interrupt link LNKA configured for IRQ 11
Oct  1 17:14:24 ubuntu-jammy kernel: [    0.504426] ACPI: PCI: Interrupt link LNKB configured for IRQ 10
Oct  1 17:14:24 ubuntu-jammy kernel: [    0.505756] ACPI: PCI: Interrupt link LNKC configured for IRQ 9
Oct  1 17:14:24 ubuntu-jammy kernel: [    0.508245] ACPI: PCI: Interrupt link LNKD configured for IRQ 11
Oct  1 17:14:24 ubuntu-jammy kernel: [    0.509445] iommu: Default domain type: Translated 
Oct  1 17:14:24 ubuntu-jammy kernel: [    0.509445] iommu: DMA domain TLB invalidation policy: lazy mode 
Oct  1 17:14:24 ubuntu-jammy kernel: [    0.510215] SCSI subsystem initialized
Oct  1 17:14:24 ubuntu-jammy kernel: [    0.512153] libata version 3.00 loaded.
Oct  1 17:14:24 ubuntu-jammy kernel: [    0.512153] pci 0000:00:02.0: vgaarb: setting as boot VGA device
Oct  1 17:14:24 ubuntu-jammy kernel: [    0.513228] pci 0000:00:02.0: vgaarb: VGA device added: decodes=io+mem,owns=io+mem,locks=none
Oct  1 17:14:24 ubuntu-jammy kernel: [    0.514813] pci 0000:00:02.0: vgaarb: bridge control possible
Oct  1 17:14:24 ubuntu-jammy kernel: [    0.515823] vgaarb: loaded
Oct  1 17:14:24 ubuntu-jammy kernel: [    0.516152] ACPI: bus type USB registered
Oct  1 17:14:24 ubuntu-jammy kernel: [    0.516901] usbcore: registered new interface driver usbfs
Oct  1 17:14:24 ubuntu-jammy kernel: [    0.517879] usbcore: registered new interface driver hub
Oct  1 17:14:24 ubuntu-jammy kernel: [    0.518825] usbcore: registered new device driver usb
Oct  1 17:14:24 ubuntu-jammy kernel: [    0.519744] pps_core: LinuxPPS API ver. 1 registered
Oct  1 17:14:24 ubuntu-jammy kernel: [    0.520128] pps_core: Software ver. 5.3.6 - Copyright 2005-2007 Rodolfo Giometti <giometti@linux.it>
Oct  1 17:14:24 ubuntu-jammy kernel: [    0.521732] PTP clock support registered
Oct  1 17:14:24 ubuntu-jammy kernel: [    0.522536] EDAC MC: Ver: 3.0.0
Oct  1 17:14:24 ubuntu-jammy kernel: [    0.524297] NetLabel: Initializing
Oct  1 17:14:24 ubuntu-jammy kernel: [    0.524893] NetLabel:  domain hash size = 128
Oct  1 17:14:24 ubuntu-jammy kernel: [    0.525682] NetLabel:  protocols = UNLABELED CIPSOv4 CALIPSO
Oct  1 17:14:24 ubuntu-jammy kernel: [    0.526739] NetLabel:  unlabeled traffic allowed by default
Oct  1 17:14:24 ubuntu-jammy kernel: [    0.528140] PCI: Using ACPI for IRQ routing
Oct  1 17:14:24 ubuntu-jammy kernel: [    0.528984] PCI: pci_cache_line_size set to 64 bytes
Oct  1 17:14:24 ubuntu-jammy kernel: [    0.529151] e820: reserve RAM buffer [mem 0x0009fc00-0x0009ffff]
Oct  1 17:14:24 ubuntu-jammy kernel: [    0.529153] e820: reserve RAM buffer [mem 0x3fff0000-0x3fffffff]
Oct  1 17:14:24 ubuntu-jammy kernel: [    0.529172] clocksource: Switched to clocksource kvm-clock
Oct  1 17:14:24 ubuntu-jammy kernel: [    0.542269] VFS: Disk quotas dquot_6.6.0
Oct  1 17:14:24 ubuntu-jammy kernel: [    0.543215] VFS: Dquot-cache hash table entries: 512 (order 0, 4096 bytes)
Oct  1 17:14:24 ubuntu-jammy kernel: [    0.544627] AppArmor: AppArmor Filesystem Enabled
Oct  1 17:14:24 ubuntu-jammy kernel: [    0.545679] pnp: PnP ACPI init
Oct  1 17:14:24 ubuntu-jammy kernel: [    0.547340] pnp: PnP ACPI: found 3 devices
Oct  1 17:14:24 ubuntu-jammy kernel: [    0.556615] clocksource: acpi_pm: mask: 0xffffff max_cycles: 0xffffff, max_idle_ns: 2085701024 ns
Oct  1 17:14:24 ubuntu-jammy kernel: [    0.558589] NET: Registered PF_INET protocol family
Oct  1 17:14:24 ubuntu-jammy kernel: [    0.559651] IP idents hash table entries: 16384 (order: 5, 131072 bytes, linear)
Oct  1 17:14:24 ubuntu-jammy kernel: [    0.561504] tcp_listen_portaddr_hash hash table entries: 512 (order: 1, 8192 bytes, linear)
Oct  1 17:14:24 ubuntu-jammy kernel: [    0.563402] Table-perturb hash table entries: 65536 (order: 6, 262144 bytes, linear)
Oct  1 17:14:24 ubuntu-jammy kernel: [    0.565041] TCP established hash table entries: 8192 (order: 4, 65536 bytes, linear)
Oct  1 17:14:24 ubuntu-jammy kernel: [    0.566849] TCP bind hash table entries: 8192 (order: 5, 131072 bytes, linear)
Oct  1 17:14:24 ubuntu-jammy kernel: [    0.568395] TCP: Hash tables configured (established 8192 bind 8192)
Oct  1 17:14:24 ubuntu-jammy kernel: [    0.569655] MPTCP token hash table entries: 1024 (order: 3, 24576 bytes, linear)
Oct  1 17:14:24 ubuntu-jammy kernel: [    0.571220] UDP hash table entries: 512 (order: 2, 16384 bytes, linear)
Oct  1 17:14:24 ubuntu-jammy kernel: [    0.572657] UDP-Lite hash table entries: 512 (order: 2, 16384 bytes, linear)
Oct  1 17:14:24 ubuntu-jammy kernel: [    0.574084] NET: Registered PF_UNIX/PF_LOCAL protocol family
Oct  1 17:14:24 ubuntu-jammy kernel: [    0.575236] NET: Registered PF_XDP protocol family
Oct  1 17:14:24 ubuntu-jammy kernel: [    0.576160] pci_bus 0000:00: resource 4 [io  0x0000-0x0cf7 window]
Oct  1 17:14:24 ubuntu-jammy kernel: [    0.577338] pci_bus 0000:00: resource 5 [io  0x0d00-0xffff window]
Oct  1 17:14:24 ubuntu-jammy kernel: [    0.578591] pci_bus 0000:00: resource 6 [mem 0x000a0000-0x000bffff window]
Oct  1 17:14:24 ubuntu-jammy kernel: [    0.579961] pci_bus 0000:00: resource 7 [mem 0x40000000-0xfdffffff window]
Oct  1 17:14:24 ubuntu-jammy kernel: [    0.581312] pci 0000:00:00.0: Limiting direct PCI/PCI transfers
Oct  1 17:14:24 ubuntu-jammy kernel: [    0.582612] pci 0000:00:01.0: Activating ISA DMA hang workarounds
Oct  1 17:14:24 ubuntu-jammy kernel: [    0.583872] PCI: CLS 0 bytes, default 64
Oct  1 17:14:24 ubuntu-jammy kernel: [    0.584752] Trying to unpack rootfs image as initramfs...
Oct  1 17:14:24 ubuntu-jammy kernel: [    0.591332] clocksource: tsc: mask: 0xffffffffffffffff max_cycles: 0x229835b7123, max_idle_ns: 440795242976 ns
Oct  1 17:14:24 ubuntu-jammy kernel: [    0.594409] clocksource: Switched to clocksource tsc
Oct  1 17:14:24 ubuntu-jammy kernel: [    0.595467] platform rtc_cmos: registered platform RTC device (no PNP device found)
Oct  1 17:14:24 ubuntu-jammy kernel: [    0.597323] Initialise system trusted keyrings
Oct  1 17:14:24 ubuntu-jammy kernel: [    0.598272] Key type blacklist registered
Oct  1 17:14:24 ubuntu-jammy kernel: [    0.599126] workingset: timestamp_bits=36 max_order=18 bucket_order=0
Oct  1 17:14:24 ubuntu-jammy kernel: [    0.601609] zbud: loaded
Oct  1 17:14:24 ubuntu-jammy kernel: [    0.602471] squashfs: version 4.0 (2009/01/31) Phillip Lougher
Oct  1 17:14:24 ubuntu-jammy kernel: [    0.603799] fuse: init (API version 7.34)
Oct  1 17:14:24 ubuntu-jammy kernel: [    0.604863] integrity: Platform Keyring initialized
Oct  1 17:14:24 ubuntu-jammy kernel: [    0.611486] Key type asymmetric registered
Oct  1 17:14:24 ubuntu-jammy kernel: [    0.612408] Asymmetric key parser 'x509' registered
Oct  1 17:14:24 ubuntu-jammy kernel: [    0.613619] Block layer SCSI generic (bsg) driver version 0.4 loaded (major 243)
Oct  1 17:14:24 ubuntu-jammy kernel: [    0.615238] io scheduler mq-deadline registered
Oct  1 17:14:24 ubuntu-jammy kernel: [    0.616556] shpchp: Standard Hot Plug PCI Controller Driver version: 0.4
Oct  1 17:14:24 ubuntu-jammy kernel: [    0.618274] ACPI: AC: AC Adapter [AC] (on-line)
Oct  1 17:14:24 ubuntu-jammy kernel: [    0.619254] input: Power Button as /devices/LNXSYSTM:00/LNXPWRBN:00/input/input0
Oct  1 17:14:24 ubuntu-jammy kernel: [    0.620783] ACPI: button: Power Button [PWRF]
Oct  1 17:14:24 ubuntu-jammy kernel: [    0.621793] input: Sleep Button as /devices/LNXSYSTM:00/LNXSLPBN:00/input/input1
Oct  1 17:14:24 ubuntu-jammy kernel: [    0.623427] ACPI: button: Sleep Button [SLPF]
Oct  1 17:14:24 ubuntu-jammy kernel: [    0.624605] Serial: 8250/16550 driver, 32 ports, IRQ sharing enabled
Oct  1 17:14:24 ubuntu-jammy kernel: [    0.647149] ACPI: battery: Slot [BAT0] (battery present)
Oct  1 17:14:24 ubuntu-jammy kernel: [    0.648447] 00:02: ttyS0 at I/O 0x3f8 (irq = 4, base_baud = 115200) is a 16550A
Oct  1 17:14:24 ubuntu-jammy kernel: [    0.651552] Linux agpgart interface v0.103
Oct  1 17:14:24 ubuntu-jammy kernel: [    0.653562] loop: module loaded
Oct  1 17:14:24 ubuntu-jammy kernel: [    0.654441] ata_piix 0000:00:01.1: version 2.13
Oct  1 17:14:24 ubuntu-jammy kernel: [    0.654780] scsi host0: ata_piix
Oct  1 17:14:24 ubuntu-jammy kernel: [    0.655584] scsi host1: ata_piix
Oct  1 17:14:24 ubuntu-jammy kernel: [    0.656351] ata1: PATA max UDMA/33 cmd 0x1f0 ctl 0x3f6 bmdma 0xd000 irq 14
Oct  1 17:14:24 ubuntu-jammy kernel: [    0.657696] ata2: PATA max UDMA/33 cmd 0x170 ctl 0x376 bmdma 0xd008 irq 15
Oct  1 17:14:24 ubuntu-jammy kernel: [    0.659508] tun: Universal TUN/TAP device driver, 1.6
Oct  1 17:14:24 ubuntu-jammy kernel: [    0.660507] PPP generic driver version 2.4.2
Oct  1 17:14:24 ubuntu-jammy kernel: [    0.661384] VFIO - User Level meta-driver version: 0.3
Oct  1 17:14:24 ubuntu-jammy kernel: [    0.662677] ehci_hcd: USB 2.0 'Enhanced' Host Controller (EHCI) Driver
Oct  1 17:14:24 ubuntu-jammy kernel: [    0.664065] ehci-pci: EHCI PCI platform driver
Oct  1 17:14:24 ubuntu-jammy kernel: [    0.665006] ehci-platform: EHCI generic platform driver
Oct  1 17:14:24 ubuntu-jammy kernel: [    0.666100] ohci_hcd: USB 1.1 'Open' Host Controller (OHCI) Driver
Oct  1 17:14:24 ubuntu-jammy kernel: [    0.667755] ohci-pci: OHCI PCI platform driver
Oct  1 17:14:24 ubuntu-jammy kernel: [    0.668715] ohci-platform: OHCI generic platform driver
Oct  1 17:14:24 ubuntu-jammy kernel: [    0.669830] uhci_hcd: USB Universal Host Controller Interface driver
Oct  1 17:14:24 ubuntu-jammy kernel: [    0.671346] i8042: PNP: PS/2 Controller [PNP0303:PS2K,PNP0f03:PS2M] at 0x60,0x64 irq 1,12
Oct  1 17:14:24 ubuntu-jammy kernel: [    0.673486] serio: i8042 KBD port at 0x60,0x64 irq 1
Oct  1 17:14:24 ubuntu-jammy kernel: [    0.674574] serio: i8042 AUX port at 0x60,0x64 irq 12
Oct  1 17:14:24 ubuntu-jammy kernel: [    0.675771] mousedev: PS/2 mouse device common for all mice
Oct  1 17:14:24 ubuntu-jammy kernel: [    0.677120] input: AT Translated Set 2 keyboard as /devices/platform/i8042/serio0/input/input2
Oct  1 17:14:24 ubuntu-jammy kernel: [    0.679232] rtc_cmos rtc_cmos: registered as rtc0
Oct  1 17:14:24 ubuntu-jammy kernel: [    0.680216] rtc_cmos rtc_cmos: setting system clock to 2026-10-01T17:15:40 UTC (1790874940)
Oct  1 17:14:24 ubuntu-jammy kernel: [    0.682811] rtc_cmos rtc_cmos: alarms up to one day, 114 bytes nvram
Oct  1 17:14:24 ubuntu-jammy kernel: [    0.684125] i2c_dev: i2c /dev entries driver
Oct  1 17:14:24 ubuntu-jammy kernel: [    0.685049] device-mapper: core: CONFIG_IMA_DISABLE_HTABLE is disabled. Duplicate IMA measurements will not be recorded in the IMA log.
Oct  1 17:14:24 ubuntu-jammy kernel: [    0.687711] device-mapper: uevent: version 1.0.3
Oct  1 17:14:24 ubuntu-jammy kernel: [    0.688677] device-mapper: ioctl: 4.45.0-ioctl (2021-03-22) initialised: dm-devel@redhat.com
Oct  1 17:14:24 ubuntu-jammy kernel: [    0.690326] intel_pstate: CPU model not supported
Oct  1 17:14:24 ubuntu-jammy kernel: [    0.691343] ledtrig-cpu: registered to indicate activity on CPUs
Oct  1 17:14:24 ubuntu-jammy kernel: [    0.692608] drop_monitor: Initializing network drop monitor service
Oct  1 17:14:24 ubuntu-jammy kernel: [    0.693997] NET: Registered PF_INET6 protocol family
Oct  1 17:14:24 ubuntu-jammy kernel: [    0.768243] Freeing initrd memory: 32996K
Oct  1 17:14:24 ubuntu-jammy kernel: [    0.774614] Segment Routing with IPv6
Oct  1 17:14:24 ubuntu-jammy kernel: [    0.775444] In-situ OAM (IOAM) with IPv6
Oct  1 17:14:24 ubuntu-jammy kernel: [    0.776277] NET: Registered PF_PACKET protocol family
Oct  1 17:14:24 ubuntu-jammy kernel: [    0.777382] Key type dns_resolver registered
Oct  1 17:14:24 ubuntu-jammy kernel: [    0.778619] IPI shorthand broadcast: enabled
Oct  1 17:14:24 ubuntu-jammy kernel: [    0.779535] sched_clock: Marking stable (640661436, 137893098)->(776644114, 1910420)
Oct  1 17:14:24 ubuntu-jammy kernel: [    0.781223] registered taskstats version 1
Oct  1 17:14:24 ubuntu-jammy kernel: [    0.782421] Loading compiled-in X.509 certificates
Oct  1 17:14:24 ubuntu-jammy kernel: [    0.784158] Loaded X.509 cert 'Build time autogenerated kernel key: ed39c156d6b29ce385c94da0a139822883a90e35'
Oct  1 17:14:24 ubuntu-jammy kernel: [    0.786557] Loaded X.509 cert 'Canonical Ltd. Live Patch Signing 2025 Kmod: d541cef61dc7e793b7eb7e899970a2eef0b5dc8c'
Oct  1 17:14:24 ubuntu-jammy kernel: [    0.788982] Loaded X.509 cert 'Canonical Ltd. Live Patch Signing: 14df34d1a87cf37625abec039ef2bf521249b969'
Oct  1 17:14:24 ubuntu-jammy kernel: [    0.791341] Loaded X.509 cert 'Canonical Ltd. Kernel Module Signing 2025 Kmod: 4627603d2357a2a3f81006370894c221175893e9'
Oct  1 17:14:24 ubuntu-jammy kernel: [    0.793800] Loaded X.509 cert 'Canonical Ltd. Kernel Module Signing: 88f752e560a1e0737e31163a466ad7b70a850c19'
Oct  1 17:14:24 ubuntu-jammy kernel: [    0.795796] blacklist: Loading compiled-in revocation X.509 certificates
Oct  1 17:14:24 ubuntu-jammy kernel: [    0.797163] Loaded X.509 cert 'Canonical Ltd. Secure Boot Signing: 61482aa2830d0ab2ad5af10b7250da9033ddcef0'
Oct  1 17:14:24 ubuntu-jammy kernel: [    0.799169] Loaded X.509 cert 'Canonical Ltd. Secure Boot Signing (2017): 242ade75ac4a15e50d50c84b0d45ff3eae707a03'
Oct  1 17:14:24 ubuntu-jammy kernel: [    0.801313] Loaded X.509 cert 'Canonical Ltd. Secure Boot Signing (ESM 2018): 365188c1d374d6b07c3c8f240f8ef722433d6a8b'
Oct  1 17:14:24 ubuntu-jammy kernel: [    0.803560] Loaded X.509 cert 'Canonical Ltd. Secure Boot Signing (2019): c0746fd6c5da3ae827864651ad66ae47fe24b3e8'
Oct  1 17:14:24 ubuntu-jammy kernel: [    0.805589] Loaded X.509 cert 'Canonical Ltd. Secure Boot Signing (2021 v1): a8d54bbb3825cfb94fa13c9f8a594a195c107b8d'
Oct  1 17:14:24 ubuntu-jammy kernel: [    0.807769] Loaded X.509 cert 'Canonical Ltd. Secure Boot Signing (2021 v2): 4cf046892d6fd3c9a5b03f98d845f90851dc6a8c'
Oct  1 17:14:24 ubuntu-jammy kernel: [    0.809919] Loaded X.509 cert 'Canonical Ltd. Secure Boot Signing (2021 v3): 100437bb6de6e469b581e61cd66bce3ef4ed53af'
Oct  1 17:14:24 ubuntu-jammy kernel: [    0.812009] Loaded X.509 cert 'Canonical Ltd. Secure Boot Signing (Ubuntu Core 2019): c1d57b8f6b743f23ee41f4f7ee292f06eecadfb9'
Oct  1 17:14:24 ubuntu-jammy kernel: [    0.814305] zswap: loaded using pool lzo/zbud
Oct  1 17:14:24 ubuntu-jammy kernel: [    0.815657] Key type .fscrypt registered
Oct  1 17:14:24 ubuntu-jammy kernel: [    0.816486] Key type fscrypt-provisioning registered
Oct  1 17:14:24 ubuntu-jammy kernel: [    0.820046] Key type encrypted registered
Oct  1 17:14:24 ubuntu-jammy kernel: [    0.820894] AppArmor: AppArmor sha1 policy hashing enabled
Oct  1 17:14:24 ubuntu-jammy kernel: [    0.822160] ima: No TPM chip found, activating TPM-bypass!
Oct  1 17:14:24 ubuntu-jammy kernel: [    0.826494] Loading compiled-in module X.509 certificates
Oct  1 17:14:24 ubuntu-jammy kernel: [    0.828010] Loaded X.509 cert 'Build time autogenerated kernel key: ed39c156d6b29ce385c94da0a139822883a90e35'
Oct  1 17:14:24 ubuntu-jammy kernel: [    0.830072] ima: Allocated hash algorithm: sha1
Oct  1 17:14:24 ubuntu-jammy kernel: [    0.830999] ima: No architecture policies found
Oct  1 17:14:24 ubuntu-jammy kernel: [    0.831929] evm: Initialising EVM extended attributes:
Oct  1 17:14:24 ubuntu-jammy kernel: [    0.833035] evm: security.selinux
Oct  1 17:14:24 ubuntu-jammy kernel: [    0.833758] evm: security.SMACK64
Oct  1 17:14:24 ubuntu-jammy kernel: [    0.834538] evm: security.SMACK64EXEC
Oct  1 17:14:24 ubuntu-jammy kernel: [    0.835322] evm: security.SMACK64TRANSMUTE
Oct  1 17:14:24 ubuntu-jammy kernel: [    0.836169] evm: security.SMACK64MMAP
Oct  1 17:14:24 ubuntu-jammy kernel: [    0.836938] evm: security.apparmor
Oct  1 17:14:24 ubuntu-jammy kernel: [    0.837662] evm: security.ima
Oct  1 17:14:24 ubuntu-jammy kernel: [    0.838365] evm: security.capability
Oct  1 17:14:24 ubuntu-jammy kernel: [    0.839191] evm: HMAC attrs: 0x1
Oct  1 17:14:24 ubuntu-jammy kernel: [    0.845862] PM:   Magic number: 14:621:288
Oct  1 17:14:24 ubuntu-jammy kernel: [    0.846799] PM:   hash matches drivers/base/power/main.c:670
Oct  1 17:14:24 ubuntu-jammy kernel: [    0.847935] tty tty21: hash matches
Oct  1 17:14:24 ubuntu-jammy kernel: [    0.848642] acpi PNP0400:01: hash matches
Oct  1 17:14:24 ubuntu-jammy kernel: [    0.849948] RAS: Correctable Errors collector initialized.
Oct  1 17:14:24 ubuntu-jammy kernel: [    0.851181] clk: Disabling unused clocks
Oct  1 17:14:24 ubuntu-jammy kernel: [    0.853307] Freeing unused decrypted memory: 2036K
Oct  1 17:14:24 ubuntu-jammy kernel: [    0.854790] Freeing unused kernel image (initmem) memory: 3292K
Oct  1 17:14:24 ubuntu-jammy kernel: [    0.856050] Write protecting the kernel read-only data: 30720k
Oct  1 17:14:24 ubuntu-jammy kernel: [    0.857714] Freeing unused kernel image (text/rodata gap) memory: 2036K
Oct  1 17:14:24 ubuntu-jammy kernel: [    0.859345] Freeing unused kernel image (rodata/data gap) memory: 1284K
Oct  1 17:14:24 ubuntu-jammy kernel: [    0.908765] x86/mm: Checked W+X mappings: passed, no W+X pages found.
Oct  1 17:14:24 ubuntu-jammy kernel: [    0.910117] x86/mm: Checking user space page tables
Oct  1 17:14:24 ubuntu-jammy kernel: [    0.958404] x86/mm: Checked W+X mappings: passed, no W+X pages found.
Oct  1 17:14:24 ubuntu-jammy kernel: [    0.960088] Run /init as init process
Oct  1 17:14:24 ubuntu-jammy kernel: [    0.961061]   with arguments:
Oct  1 17:14:24 ubuntu-jammy kernel: [    0.961062]     /init
Oct  1 17:14:24 ubuntu-jammy kernel: [    0.961063]   with environment:
Oct  1 17:14:24 ubuntu-jammy kernel: [    0.961064]     HOME=/
Oct  1 17:14:24 ubuntu-jammy kernel: [    0.961064]     TERM=linux
Oct  1 17:14:24 ubuntu-jammy kernel: [    1.059890] Fusion MPT base driver 3.04.20
Oct  1 17:14:24 ubuntu-jammy kernel: [    1.060891] Copyright (c) 1999-2008 LSI Corporation
Oct  1 17:14:24 ubuntu-jammy kernel: [    1.062154] e1000: Intel(R) PRO/1000 Network Driver
Oct  1 17:14:24 ubuntu-jammy kernel: [    1.063174] e1000: Copyright (c) 1999-2006 Intel Corporation.
Oct  1 17:14:24 ubuntu-jammy kernel: [    1.070964] cryptd: max_cpu_qlen set to 1000
Oct  1 17:14:24 ubuntu-jammy kernel: [    1.075570] AVX2 version of gcm_enc/dec engaged.
Oct  1 17:14:24 ubuntu-jammy kernel: [    1.076691] AES CTR mode by8 optimization enabled
Oct  1 17:14:24 ubuntu-jammy kernel: [    1.080568] Fusion MPT SPI Host driver 3.04.20
Oct  1 17:14:24 ubuntu-jammy kernel: [    1.090299] mptbase: ioc0: Initiating bringup
Oct  1 17:14:24 ubuntu-jammy kernel: [    1.102741] vboxvideo 0000:00:02.0: vgaarb: deactivate vga console
Oct  1 17:14:24 ubuntu-jammy kernel: [    1.104790] Console: switching to colour dummy device 80x25
Oct  1 17:14:24 ubuntu-jammy kernel: [    1.106321] [drm] VRAM 01000000
Oct  1 17:14:24 ubuntu-jammy kernel: [    1.107223] [drm] Initialized vboxvideo 1.0.0 20130823 for 0000:00:02.0 on minor 0
Oct  1 17:14:24 ubuntu-jammy kernel: [    1.109329] fbcon: vboxvideodrmfb (fb0) is primary device
Oct  1 17:14:24 ubuntu-jammy kernel: [    1.111395] vboxvideo 0000:00:02.0: [drm] drm_plane_enable_fb_damage_clips() not called
Oct  1 17:14:24 ubuntu-jammy kernel: [    1.111403] Console: switching to colour frame buffer device 128x48
Oct  1 17:14:24 ubuntu-jammy kernel: [    1.115942] vboxvideo 0000:00:02.0: [drm] fb0: vboxvideodrmfb frame buffer device
Oct  1 17:14:24 ubuntu-jammy kernel: [    1.198150] ioc0: LSI53C1030 A0: Capabilities={Initiator}
Oct  1 17:14:24 ubuntu-jammy kernel: [    1.266891] input: ImExPS/2 Generic Explorer Mouse as /devices/platform/i8042/serio1/input/input4
Oct  1 17:14:24 ubuntu-jammy kernel: [    1.467426] scsi host2: ioc0: LSI53C1030 A0, FwRev=00000000h, Ports=1, MaxQ=256, IRQ=20
Oct  1 17:14:24 ubuntu-jammy kernel: [    1.477815] e1000 0000:00:03.0 eth0: (PCI:33MHz:32-bit) 02:8e:3e:db:5c:8a
Oct  1 17:14:24 ubuntu-jammy kernel: [    1.479484] e1000 0000:00:03.0 eth0: Intel(R) PRO/1000 Network Connection
Oct  1 17:14:24 ubuntu-jammy kernel: [    1.646312] scsi 2:0:0:0: Direct-Access     VBOX     HARDDISK         1.0  PQ: 0 ANSI: 5
Oct  1 17:14:24 ubuntu-jammy kernel: [    1.761975] scsi target2:0:0: Beginning Domain Validation
Oct  1 17:14:24 ubuntu-jammy kernel: [    1.764824] scsi target2:0:0: Domain Validation skipping write tests
Oct  1 17:14:24 ubuntu-jammy kernel: [    1.765813] scsi target2:0:0: Ending Domain Validation
Oct  1 17:14:24 ubuntu-jammy kernel: [    1.766792] scsi target2:0:0: asynchronous
Oct  1 17:14:24 ubuntu-jammy kernel: [    1.767912] scsi 2:0:1:0: Direct-Access     VBOX     HARDDISK         1.0  PQ: 0 ANSI: 5
Oct  1 17:14:24 ubuntu-jammy kernel: [    1.829451] scsi target2:0:1: Beginning Domain Validation
Oct  1 17:14:24 ubuntu-jammy kernel: [    1.832442] scsi target2:0:1: Domain Validation skipping write tests
Oct  1 17:14:24 ubuntu-jammy kernel: [    1.833344] scsi target2:0:1: Ending Domain Validation
Oct  1 17:14:24 ubuntu-jammy kernel: [    1.834226] scsi target2:0:1: asynchronous
Oct  1 17:14:24 ubuntu-jammy kernel: [    1.838126] sd 2:0:0:0: Attached scsi generic sg0 type 0
Oct  1 17:14:24 ubuntu-jammy kernel: [    1.839043] sd 2:0:0:0: [sda] 83886080 512-byte logical blocks: (42.9 GB/40.0 GiB)
Oct  1 17:14:24 ubuntu-jammy kernel: [    1.840250] sd 2:0:0:0: [sda] Write Protect is off
Oct  1 17:14:24 ubuntu-jammy kernel: [    1.840972] sd 2:0:0:0: [sda] Mode Sense: 04 00 10 00
Oct  1 17:14:24 ubuntu-jammy kernel: [    1.841313] sd 2:0:0:0: [sda] Incomplete mode parameter data
Oct  1 17:14:24 ubuntu-jammy kernel: [    1.841322] sd 2:0:1:0: Attached scsi generic sg1 type 0
Oct  1 17:14:24 ubuntu-jammy kernel: [    1.842400] sd 2:0:0:0: [sda] Assuming drive cache: write through
Oct  1 17:14:24 ubuntu-jammy kernel: [    1.844885] sd 2:0:1:0: [sdb] 20480 512-byte logical blocks: (10.5 MB/10.0 MiB)
Oct  1 17:14:24 ubuntu-jammy kernel: [    1.846656] sd 2:0:1:0: [sdb] Write Protect is off
Oct  1 17:14:24 ubuntu-jammy kernel: [    1.847659] sd 2:0:1:0: [sdb] Mode Sense: 04 00 10 00
Oct  1 17:14:24 ubuntu-jammy kernel: [    1.847903]  sda: sda1
Oct  1 17:14:24 ubuntu-jammy kernel: [    1.848017] sd 2:0:1:0: [sdb] Incomplete mode parameter data
Oct  1 17:14:24 ubuntu-jammy kernel: [    1.849863] sd 2:0:1:0: [sdb] Assuming drive cache: write through
Oct  1 17:14:24 ubuntu-jammy kernel: [    1.851807] sd 2:0:0:0: [sda] Attached SCSI disk
Oct  1 17:14:24 ubuntu-jammy kernel: [    1.859601] sd 2:0:1:0: [sdb] Attached SCSI disk
Oct  1 17:14:24 ubuntu-jammy kernel: [    1.864046] e1000 0000:00:08.0 eth1: (PCI:33MHz:32-bit) 08:00:27:f9:89:42
Oct  1 17:14:24 ubuntu-jammy kernel: [    1.865423] e1000 0000:00:08.0 eth1: Intel(R) PRO/1000 Network Connection
Oct  1 17:14:24 ubuntu-jammy kernel: [    1.868238] e1000 0000:00:03.0 enp0s3: renamed from eth0
Oct  1 17:14:24 ubuntu-jammy kernel: [    1.882866] e1000 0000:00:08.0 enp0s8: renamed from eth1
Oct  1 17:14:24 ubuntu-jammy kernel: [    2.118170] raid6: avx2x4   gen() 43675 MB/s
Oct  1 17:14:24 ubuntu-jammy kernel: [    2.185981] raid6: avx2x4   xor() 20324 MB/s
Oct  1 17:14:24 ubuntu-jammy kernel: [    2.256100] raid6: avx2x2   gen() 44643 MB/s
Oct  1 17:14:24 ubuntu-jammy kernel: [    2.336079] raid6: avx2x2   xor() 31308 MB/s
Oct  1 17:14:24 ubuntu-jammy kernel: [    2.416674] raid6: avx2x1   gen() 32947 MB/s
Oct  1 17:14:24 ubuntu-jammy kernel: [    2.496909] raid6: avx2x1   xor() 18131 MB/s
Oct  1 17:14:24 ubuntu-jammy kernel: [    2.581769] raid6: sse2x4   gen() 18151 MB/s
Oct  1 17:14:24 ubuntu-jammy kernel: [    2.649969] raid6: sse2x4   xor() 10465 MB/s
Oct  1 17:14:24 ubuntu-jammy kernel: [    2.717991] raid6: sse2x2   gen() 18107 MB/s
Oct  1 17:14:24 ubuntu-jammy kernel: [    2.785968] raid6: sse2x2   xor() 11195 MB/s
Oct  1 17:14:24 ubuntu-jammy kernel: [    2.853980] raid6: sse2x1   gen() 15439 MB/s
Oct  1 17:14:24 ubuntu-jammy kernel: [    2.921980] raid6: sse2x1   xor()  7686 MB/s
Oct  1 17:14:24 ubuntu-jammy kernel: [    2.922940] raid6: using algorithm avx2x2 gen() 44643 MB/s
Oct  1 17:14:24 ubuntu-jammy kernel: [    2.924032] raid6: .... xor() 31308 MB/s, rmw enabled
Oct  1 17:14:24 ubuntu-jammy kernel: [    2.925012] raid6: using avx2x2 recovery algorithm
Oct  1 17:14:24 ubuntu-jammy kernel: [    2.927246] xor: automatically using best checksumming function   avx       
Oct  1 17:14:24 ubuntu-jammy kernel: [    2.929689] async_tx: api initialized (async)
Oct  1 17:14:24 ubuntu-jammy kernel: [    2.987968] Btrfs loaded, crc32c=crc32c-intel, zoned=yes, fsverity=yes
Oct  1 17:14:24 ubuntu-jammy kernel: [    3.010889] EXT4-fs (sda1): INFO: recovery required on readonly filesystem
Oct  1 17:14:24 ubuntu-jammy kernel: [    3.012256] EXT4-fs (sda1): write access will be enabled during recovery
Oct  1 17:14:24 ubuntu-jammy kernel: [    3.239415] EXT4-fs (sda1): recovery complete
Oct  1 17:14:24 ubuntu-jammy kernel: [    3.240663] EXT4-fs (sda1): mounted filesystem with ordered data mode. Opts: (null). Quota mode: none.
Oct  1 17:14:24 ubuntu-jammy kernel: [    3.453709] systemd[1]: Inserted module 'autofs4'
Oct  1 17:14:24 ubuntu-jammy kernel: [    3.475017] systemd[1]: systemd 249.11-0ubuntu3.22 running in system mode (+PAM +AUDIT +SELINUX +APPARMOR +IMA +SMACK +SECCOMP +GCRYPT +GNUTLS +OPENSSL +ACL +BLKID +CURL +ELFUTILS +FIDO2 +IDN2 -IDN +IPTC +KMOD +LIBCRYPTSETUP +LIBFDISK +PCRE2 -PWQUALITY -P11KIT -QRENCODE +BZIP2 +LZ4 +XZ +ZLIB +ZSTD -XKBCOMMON +UTMP +SYSVINIT default-hierarchy=unified)
Oct  1 17:14:24 ubuntu-jammy kernel: [    3.480201] systemd[1]: Detected virtualization oracle.
Oct  1 17:14:24 ubuntu-jammy kernel: [    3.481386] systemd[1]: Detected architecture x86-64.
Oct  1 17:14:24 ubuntu-jammy kernel: [    3.495814] systemd[1]: Hostname set to <ubuntu-jammy>.
Oct  1 17:14:24 ubuntu-jammy kernel: [    3.705509] systemd[1]: Configuration file /run/systemd/system/netplan-ovs-cleanup.service is marked world-inaccessible. This has no effect as configuration data is accessible via APIs without restrictions. Proceeding anyway.
Oct  1 17:14:24 ubuntu-jammy kernel: [    3.725413] systemd[1]: /lib/systemd/system/snapd.service:23: Unknown key name 'RestartMode' in section 'Service', ignoring.
Oct  1 17:14:24 ubuntu-jammy kernel: [    3.792946] systemd[1]: Queued start job for default target Graphical Interface.
Oct  1 17:14:24 ubuntu-jammy kernel: [    3.795849] systemd[1]: Created slice Slice /system/modprobe.
Oct  1 17:14:24 ubuntu-jammy kernel: [    3.797691] systemd[1]: Created slice Slice /system/serial-getty.
Oct  1 17:14:24 ubuntu-jammy kernel: [    3.799591] systemd[1]: Created slice User and Session Slice.
Oct  1 17:14:24 ubuntu-jammy kernel: [    3.801363] systemd[1]: Started Forward Password Requests to Wall Directory Watch.
Oct  1 17:14:24 ubuntu-jammy kernel: [    3.803697] systemd[1]: Set up automount Arbitrary Executable File Formats File System Automount Point.
Oct  1 17:14:24 ubuntu-jammy kernel: [    3.818473] systemd[1]: Reached target Slice Units.
Oct  1 17:14:24 ubuntu-jammy kernel: [    3.820303] systemd[1]: Reached target Mounting snaps.
Oct  1 17:14:24 ubuntu-jammy kernel: [    3.822241] systemd[1]: Reached target Swaps.
Oct  1 17:14:24 ubuntu-jammy kernel: [    3.823937] systemd[1]: Reached target Local Verity Protected Volumes.
Oct  1 17:14:24 ubuntu-jammy kernel: [    3.838479] systemd[1]: Listening on Device-mapper event daemon FIFOs.
Oct  1 17:14:24 ubuntu-jammy kernel: [    3.840943] systemd[1]: Listening on LVM2 poll daemon socket.
Oct  1 17:14:24 ubuntu-jammy kernel: [    3.854318] systemd[1]: Listening on multipathd control socket.
Oct  1 17:14:24 ubuntu-jammy kernel: [    3.856683] systemd[1]: Listening on Syslog Socket.
Oct  1 17:14:24 ubuntu-jammy kernel: [    3.858508] systemd[1]: Listening on fsck to fsckd communication Socket.
Oct  1 17:14:24 ubuntu-jammy kernel: [    3.860850] systemd[1]: Listening on initctl Compatibility Named Pipe.
Oct  1 17:14:24 ubuntu-jammy kernel: [    3.863275] systemd[1]: Listening on Journal Audit Socket.
Oct  1 17:14:24 ubuntu-jammy kernel: [    3.865160] systemd[1]: Listening on Journal Socket (/dev/log).
Oct  1 17:14:24 ubuntu-jammy kernel: [    3.867239] systemd[1]: Listening on Journal Socket.
Oct  1 17:14:24 ubuntu-jammy kernel: [    3.869026] systemd[1]: Listening on Network Service Netlink Socket.
Oct  1 17:14:24 ubuntu-jammy kernel: [    3.871188] systemd[1]: Listening on udev Control Socket.
Oct  1 17:14:24 ubuntu-jammy kernel: [    3.873185] systemd[1]: Listening on udev Kernel Socket.
Oct  1 17:14:24 ubuntu-jammy kernel: [    3.875776] systemd[1]: Mounting Huge Pages File System...
Oct  1 17:14:24 ubuntu-jammy kernel: [    3.887377] systemd[1]: Mounting POSIX Message Queue File System...
Oct  1 17:14:24 ubuntu-jammy kernel: [    3.903644] systemd[1]: Mounting Kernel Debug File System...
Oct  1 17:14:24 ubuntu-jammy kernel: [    3.906144] systemd[1]: Mounting Kernel Trace File System...
Oct  1 17:14:24 ubuntu-jammy kernel: [    3.924321] systemd[1]: Starting Journal Service...
Oct  1 17:14:24 ubuntu-jammy kernel: [    3.941183] systemd[1]: Starting Set the console keyboard layout...
Oct  1 17:14:24 ubuntu-jammy kernel: [    3.945440] systemd[1]: Starting Create List of Static Device Nodes...
Oct  1 17:14:24 ubuntu-jammy kernel: [    3.950147] systemd[1]: Starting Monitoring of LVM2 mirrors, snapshots etc. using dmeventd or progress polling...
Oct  1 17:14:24 ubuntu-jammy kernel: [    3.974576] systemd[1]: Condition check resulted in LXD - agent being skipped.
Oct  1 17:14:24 ubuntu-jammy kernel: [    3.976982] systemd[1]: Starting Load Kernel Module configfs...
Oct  1 17:14:24 ubuntu-jammy kernel: [    3.991118] systemd[1]: Starting Load Kernel Module drm...
Oct  1 17:14:24 ubuntu-jammy kernel: [    3.993600] systemd[1]: Starting Load Kernel Module efi_pstore...
Oct  1 17:14:24 ubuntu-jammy kernel: [    4.010833] systemd[1]: Starting Load Kernel Module fuse...
Oct  1 17:14:24 ubuntu-jammy kernel: [    4.012680] systemd[1]: Condition check resulted in OpenVSwitch configuration for cleanup being skipped.
Oct  1 17:14:24 ubuntu-jammy kernel: [    4.015295] systemd[1]: Starting File System Check on Root Device...
Oct  1 17:14:24 ubuntu-jammy kernel: [    4.019433] systemd[1]: Starting Load Kernel Modules...
Oct  1 17:14:24 ubuntu-jammy kernel: [    4.022436] systemd[1]: Starting Coldplug All udev Devices...
Oct  1 17:14:24 ubuntu-jammy kernel: [    4.027217] systemd[1]: Started Journal Service.
Oct  1 17:14:24 ubuntu-jammy kernel: [    4.093040] EXT4-fs (sda1): re-mounted. Opts: discard,errors=remount-ro. Quota mode: none.
Oct  1 17:14:24 ubuntu-jammy kernel: [    4.133272] systemd-journald[362]: Received client request to flush runtime journal.
Oct  1 17:14:24 ubuntu-jammy kernel: [    4.136367] systemd-journald[362]: File /var/log/journal/7af974575c6346b2b29224d24a6c2bb6/system.journal corrupted or uncleanly shut down, renaming and replacing.
Oct  1 17:14:24 ubuntu-jammy kernel: [    4.184449] alua: device handler registered
Oct  1 17:14:24 ubuntu-jammy kernel: [    4.344447] emc: device handler registered
Oct  1 17:14:24 ubuntu-jammy kernel: [    4.346979] rdac: device handler registered
Oct  1 17:14:24 ubuntu-jammy kernel: [    4.450540] loop0: detected capacity change from 0 to 151512
Oct  1 17:14:24 ubuntu-jammy kernel: [    4.452429] loop1: detected capacity change from 0 to 236152
Oct  1 17:14:24 ubuntu-jammy kernel: [    4.453420] loop2: detected capacity change from 0 to 102952
Oct  1 17:14:24 ubuntu-jammy kernel: [    4.568749] audit: type=1400 audit(1790874944.384:2): apparmor="STATUS" operation="profile_load" profile="unconfined" name="lsb_release" pid=442 comm="apparmor_parser"
Oct  1 17:14:24 ubuntu-jammy kernel: [    4.571102] audit: type=1400 audit(1790874944.388:3): apparmor="STATUS" operation="profile_load" profile="unconfined" name="nvidia_modprobe" pid=443 comm="apparmor_parser"
Oct  1 17:14:24 ubuntu-jammy kernel: [    4.571105] audit: type=1400 audit(1790874944.388:4): apparmor="STATUS" operation="profile_load" profile="unconfined" name="nvidia_modprobe//kmod" pid=443 comm="apparmor_parser"
Oct  1 17:14:24 ubuntu-jammy kernel: [    4.597874] audit: type=1400 audit(1790874944.412:5): apparmor="STATUS" operation="profile_load" profile="unconfined" name="ubuntu_pro_apt_news" pid=449 comm="apparmor_parser"
Oct  1 17:14:24 ubuntu-jammy kernel: [    4.607806] audit: type=1400 audit(1790874944.424:6): apparmor="STATUS" operation="profile_load" profile="unconfined" name="/usr/lib/NetworkManager/nm-dhcp-client.action" pid=448 comm="apparmor_parser"
Oct  1 17:14:24 ubuntu-jammy kernel: [    4.607811] audit: type=1400 audit(1790874944.424:7): apparmor="STATUS" operation="profile_load" profile="unconfined" name="/usr/lib/NetworkManager/nm-dhcp-helper" pid=448 comm="apparmor_parser"
Oct  1 17:14:24 ubuntu-jammy kernel: [    4.607813] audit: type=1400 audit(1790874944.424:8): apparmor="STATUS" operation="profile_load" profile="unconfined" name="/usr/lib/connman/scripts/dhclient-script" pid=448 comm="apparmor_parser"
Oct  1 17:14:24 ubuntu-jammy kernel: [    4.607814] audit: type=1400 audit(1790874944.424:9): apparmor="STATUS" operation="profile_load" profile="unconfined" name="/{,usr/}sbin/dhclient" pid=448 comm="apparmor_parser"
Oct  1 17:14:24 ubuntu-jammy kernel: [    4.641271] audit: type=1400 audit(1790874944.456:10): apparmor="STATUS" operation="profile_load" profile="unconfined" name="ubuntu_pro_esm_cache" pid=454 comm="apparmor_parser"
Oct  1 17:14:24 ubuntu-jammy kernel: [    4.920293] vboxguest: host-version: 7.0.16r162802 0x8000000f
Oct  1 17:14:24 ubuntu-jammy kernel: [    4.921087] vbg_heartbeat_init: Setting up heartbeat to trigger every 2000 milliseconds
Oct  1 17:14:24 ubuntu-jammy kernel: [    4.921191] input: VirtualBox mouse integration as /devices/pci0000:00/0000:00:04.0/input/input5
Oct  1 17:14:24 ubuntu-jammy kernel: [    4.929845] vboxguest: misc device minor 123, IRQ 20, I/O port d020, MMIO at 0x00000000f0400000 (size 0x0000000000400000)
Oct  1 17:14:24 ubuntu-jammy kernel: [    4.957219] ACPI: video: Video Device [GFX0] (multi-head: yes  rom: no  post: no)
Oct  1 17:14:24 ubuntu-jammy kernel: [    4.957287] input: Video Bus as /devices/LNXSYSTM:00/LNXSYBUS:00/PNP0A03:00/LNXVIDEO:00/input/input6
Oct  1 17:14:24 ubuntu-jammy kernel: [    5.788825] ISO 9660 Extensions: Microsoft Joliet Level 3
Oct  1 17:14:24 ubuntu-jammy kernel: [    5.789113] ISO 9660 Extensions: RRIP_1991A
Oct  1 17:14:24 ubuntu-jammy kernel: [    5.998353] e1000: enp0s8 NIC Link is Up 1000 Mbps Full Duplex, Flow Control: RX
Oct  1 17:14:24 ubuntu-jammy kernel: [    5.998382] IPv6: ADDRCONF(NETDEV_CHANGE): enp0s8: link becomes ready
Oct  1 17:14:24 ubuntu-jammy kernel: [    6.002850] e1000: enp0s3 NIC Link is Up 1000 Mbps Full Duplex, Flow Control: RX
Oct  1 17:14:24 ubuntu-jammy kernel: [    6.003178] IPv6: ADDRCONF(NETDEV_CHANGE): enp0s3: link becomes ready
Oct  1 17:14:24 ubuntu-jammy kernel: [   21.348505] loop3: detected capacity change from 0 to 8
Oct  1 17:14:25 ubuntu-jammy kernel: [   22.071790] kauditd_printk_skb: 28 callbacks suppressed
Oct  1 17:14:25 ubuntu-jammy kernel: [   22.071793] audit: type=1400 audit(1790874865.503:39): apparmor="STATUS" operation="profile_replace" info="same as current profile, skipping" profile="unconfined" name="/usr/lib/snapd/snap-confine" pid=851 comm="apparmor_parser"
Oct  1 17:15:06 ubuntu-jammy kernel: [    0.000000] Linux version 5.15.0-194-generic (buildd@lcy02-amd64-103) (gcc (Ubuntu 11.4.0-1ubuntu1~22.04.3) 11.4.0, GNU ld (GNU Binutils for Ubuntu) 2.38) #204-Ubuntu SMP Wed Sep 2 13:09:23 UTC 2026 (Ubuntu 5.15.0-194.204-generic 5.15.209)
Oct  1 17:15:06 ubuntu-jammy kernel: [    0.000000] Command line: BOOT_IMAGE=/boot/vmlinuz-5.15.0-194-generic root=UUID=4f096d6a-4d01-44e7-839c-7bf5ce7f6a01 ro console=tty1 console=ttyS0
Oct  1 17:15:06 ubuntu-jammy kernel: [    0.000000] KERNEL supported cpus:
Oct  1 17:15:06 ubuntu-jammy kernel: [    0.000000]   Intel GenuineIntel
Oct  1 17:15:06 ubuntu-jammy kernel: [    0.000000]   AMD AuthenticAMD
Oct  1 17:15:06 ubuntu-jammy kernel: [    0.000000]   Hygon HygonGenuine
Oct  1 17:15:06 ubuntu-jammy kernel: [    0.000000]   Centaur CentaurHauls
Oct  1 17:15:06 ubuntu-jammy kernel: [    0.000000]   zhaoxin   Shanghai  
Oct  1 17:15:06 ubuntu-jammy kernel: [    0.000000] BIOS-provided physical RAM map:
Oct  1 17:15:06 ubuntu-jammy kernel: [    0.000000] BIOS-e820: [mem 0x0000000000000000-0x000000000009fbff] usable
Oct  1 17:15:06 ubuntu-jammy kernel: [    0.000000] BIOS-e820: [mem 0x000000000009fc00-0x000000000009ffff] reserved
Oct  1 17:15:06 ubuntu-jammy kernel: [    0.000000] BIOS-e820: [mem 0x00000000000f0000-0x00000000000fffff] reserved
Oct  1 17:15:06 ubuntu-jammy kernel: [    0.000000] BIOS-e820: [mem 0x0000000000100000-0x000000001ffeffff] usable
Oct  1 17:15:06 ubuntu-jammy kernel: [    0.000000] BIOS-e820: [mem 0x000000001fff0000-0x000000001fffffff] ACPI data
Oct  1 17:15:06 ubuntu-jammy kernel: [    0.000000] BIOS-e820: [mem 0x00000000fec00000-0x00000000fec00fff] reserved
Oct  1 17:15:06 ubuntu-jammy kernel: [    0.000000] BIOS-e820: [mem 0x00000000fee00000-0x00000000fee00fff] reserved
Oct  1 17:15:06 ubuntu-jammy kernel: [    0.000000] BIOS-e820: [mem 0x00000000fffc0000-0x00000000ffffffff] reserved
Oct  1 17:15:06 ubuntu-jammy kernel: [    0.000000] NX (Execute Disable) protection: active
Oct  1 17:15:06 ubuntu-jammy kernel: [    0.000000] SMBIOS 2.5 present.
Oct  1 17:15:06 ubuntu-jammy kernel: [    0.000000] DMI: innotek GmbH VirtualBox/VirtualBox, BIOS VirtualBox 12/01/2006
Oct  1 17:15:06 ubuntu-jammy kernel: [    0.000000] Hypervisor detected: KVM
Oct  1 17:15:06 ubuntu-jammy kernel: [    0.000000] kvm-clock: Using msrs 4b564d01 and 4b564d00
Oct  1 17:15:06 ubuntu-jammy kernel: [    0.000000] kvm-clock: cpu 0, msr 12801001, primary cpu clock
Oct  1 17:15:06 ubuntu-jammy kernel: [    0.000001] kvm-clock: using sched offset of 3769207416 cycles
Oct  1 17:15:06 ubuntu-jammy kernel: [    0.000004] clocksource: kvm-clock: mask: 0xffffffffffffffff max_cycles: 0x1cd42e4dffb, max_idle_ns: 881590591483 ns
Oct  1 17:15:06 ubuntu-jammy kernel: [    0.000007] tsc: Detected 2399.998 MHz processor
Oct  1 17:15:06 ubuntu-jammy kernel: [    0.002057] e820: update [mem 0x00000000-0x00000fff] usable ==> reserved
Oct  1 17:15:06 ubuntu-jammy kernel: [    0.002061] e820: remove [mem 0x000a0000-0x000fffff] usable
Oct  1 17:15:06 ubuntu-jammy kernel: [    0.002067] last_pfn = 0x1fff0 max_arch_pfn = 0x400000000
Oct  1 17:15:06 ubuntu-jammy kernel: [    0.002075] Disabled
Oct  1 17:15:06 ubuntu-jammy kernel: [    0.002076] x86/PAT: MTRRs disabled, skipping PAT initialization too.
Oct  1 17:15:06 ubuntu-jammy kernel: [    0.002079] CPU MTRRs all blank - virtualized system.
Oct  1 17:15:06 ubuntu-jammy kernel: [    0.002082] x86/PAT: Configuration [0-7]: WB  WT  UC- UC  WB  WT  UC- UC  
Oct  1 17:15:06 ubuntu-jammy kernel: [    0.002124] found SMP MP-table at [mem 0x0009fff0-0x0009ffff]
Oct  1 17:15:06 ubuntu-jammy kernel: [    0.002381] RAMDISK: [mem 0x1c6dd000-0x1e76cfff]
Oct  1 17:15:06 ubuntu-jammy kernel: [    0.002384] ACPI: Early table checksum verification disabled
Oct  1 17:15:06 ubuntu-jammy kernel: [    0.002388] ACPI: RSDP 0x00000000000E0000 000024 (v02 VBOX  )
Oct  1 17:15:06 ubuntu-jammy kernel: [    0.002393] ACPI: XSDT 0x000000001FFF0030 00003C (v01 VBOX   VBOXXSDT 00000001 ASL  00000061)
Oct  1 17:15:06 ubuntu-jammy kernel: [    0.002398] ACPI: FACP 0x000000001FFF00F0 0000F4 (v04 VBOX   VBOXFACP 00000001 ASL  00000061)
Oct  1 17:15:06 ubuntu-jammy kernel: [    0.002404] ACPI: DSDT 0x000000001FFF0610 002353 (v02 VBOX   VBOXBIOS 00000002 INTL 20100528)
Oct  1 17:15:06 ubuntu-jammy kernel: [    0.002408] ACPI: FACS 0x000000001FFF0200 000040
Oct  1 17:15:06 ubuntu-jammy kernel: [    0.002412] ACPI: FACS 0x000000001FFF0200 000040
Oct  1 17:15:06 ubuntu-jammy kernel: [    0.002415] ACPI: APIC 0x000000001FFF0240 00005C (v02 VBOX   VBOXAPIC 00000001 ASL  00000061)
Oct  1 17:15:06 ubuntu-jammy kernel: [    0.002419] ACPI: SSDT 0x000000001FFF02A0 00036C (v01 VBOX   VBOXCPUT 00000002 INTL 20100528)
Oct  1 17:15:06 ubuntu-jammy kernel: [    0.002423] ACPI: Reserving FACP table memory at [mem 0x1fff00f0-0x1fff01e3]
Oct  1 17:15:06 ubuntu-jammy kernel: [    0.002425] ACPI: Reserving DSDT table memory at [mem 0x1fff0610-0x1fff2962]
Oct  1 17:15:06 ubuntu-jammy kernel: [    0.002426] ACPI: Reserving FACS table memory at [mem 0x1fff0200-0x1fff023f]
Oct  1 17:15:06 ubuntu-jammy kernel: [    0.002427] ACPI: Reserving FACS table memory at [mem 0x1fff0200-0x1fff023f]
Oct  1 17:15:06 ubuntu-jammy kernel: [    0.002429] ACPI: Reserving APIC table memory at [mem 0x1fff0240-0x1fff029b]
Oct  1 17:15:06 ubuntu-jammy kernel: [    0.002430] ACPI: Reserving SSDT table memory at [mem 0x1fff02a0-0x1fff060b]
Oct  1 17:15:06 ubuntu-jammy kernel: [    0.002635] No NUMA configuration found
Oct  1 17:15:06 ubuntu-jammy kernel: [    0.002636] Faking a node at [mem 0x0000000000000000-0x000000001ffeffff]
Oct  1 17:15:06 ubuntu-jammy kernel: [    0.002644] NODE_DATA(0) allocated [mem 0x1ffc6000-0x1ffeffff]
Oct  1 17:15:06 ubuntu-jammy kernel: [    0.003045] Zone ranges:
Oct  1 17:15:06 ubuntu-jammy kernel: [    0.003047]   DMA      [mem 0x0000000000001000-0x0000000000ffffff]
Oct  1 17:15:06 ubuntu-jammy kernel: [    0.003049]   DMA32    [mem 0x0000000001000000-0x000000001ffeffff]
Oct  1 17:15:06 ubuntu-jammy kernel: [    0.003051]   Normal   empty
Oct  1 17:15:06 ubuntu-jammy kernel: [    0.003053]   Device   empty
Oct  1 17:15:06 ubuntu-jammy kernel: [    0.003055] Movable zone start for each node
Oct  1 17:15:06 ubuntu-jammy kernel: [    0.003057] Early memory node ranges
Oct  1 17:15:06 ubuntu-jammy kernel: [    0.003058]   node   0: [mem 0x0000000000001000-0x000000000009efff]
Oct  1 17:15:06 ubuntu-jammy kernel: [    0.003060]   node   0: [mem 0x0000000000100000-0x000000001ffeffff]
Oct  1 17:15:06 ubuntu-jammy kernel: [    0.003062] Initmem setup node 0 [mem 0x0000000000001000-0x000000001ffeffff]
Oct  1 17:15:06 ubuntu-jammy kernel: [    0.003066] On node 0, zone DMA: 1 pages in unavailable ranges
Oct  1 17:15:06 ubuntu-jammy kernel: [    0.003095] On node 0, zone DMA: 97 pages in unavailable ranges
Oct  1 17:15:06 ubuntu-jammy kernel: [    0.003925] On node 0, zone DMA32: 16 pages in unavailable ranges
Oct  1 17:15:06 ubuntu-jammy kernel: [    0.004523] ACPI: PM-Timer IO Port: 0x4008
Oct  1 17:15:06 ubuntu-jammy kernel: [    0.004570] IOAPIC[0]: apic_id 2, version 32, address 0xfec00000, GSI 0-23
Oct  1 17:15:06 ubuntu-jammy kernel: [    0.004573] ACPI: INT_SRC_OVR (bus 0 bus_irq 0 global_irq 2 dfl dfl)
Oct  1 17:15:06 ubuntu-jammy kernel: [    0.004575] ACPI: INT_SRC_OVR (bus 0 bus_irq 9 global_irq 9 low level)
Oct  1 17:15:06 ubuntu-jammy kernel: [    0.004579] ACPI: Using ACPI (MADT) for SMP configuration information
Oct  1 17:15:06 ubuntu-jammy kernel: [    0.004584] smpboot: Allowing 2 CPUs, 0 hotplug CPUs
Oct  1 17:15:06 ubuntu-jammy kernel: [    0.004598] PM: hibernation: Registered nosave memory: [mem 0x00000000-0x00000fff]
Oct  1 17:15:06 ubuntu-jammy kernel: [    0.004600] PM: hibernation: Registered nosave memory: [mem 0x0009f000-0x000fffff]
Oct  1 17:15:06 ubuntu-jammy kernel: [    0.004602] [mem 0x20000000-0xfebfffff] available for PCI devices
Oct  1 17:15:06 ubuntu-jammy kernel: [    0.004603] Booting paravirtualized kernel on KVM
Oct  1 17:15:06 ubuntu-jammy kernel: [    0.004605] clocksource: refined-jiffies: mask: 0xffffffff max_cycles: 0xffffffff, max_idle_ns: 7645519600211568 ns
Oct  1 17:15:06 ubuntu-jammy kernel: [    0.004611] setup_percpu: NR_CPUS:8192 nr_cpumask_bits:2 nr_cpu_ids:2 nr_node_ids:1
Oct  1 17:15:06 ubuntu-jammy kernel: [    0.004692] percpu: Embedded 62 pages/cpu s217088 r8192 d28672 u1048576
Oct  1 17:15:06 ubuntu-jammy kernel: [    0.004697] pcpu-alloc: s217088 r8192 d28672 u1048576 alloc=1*2097152
Oct  1 17:15:06 ubuntu-jammy kernel: [    0.004700] pcpu-alloc: [0] 0 1 
Oct  1 17:15:06 ubuntu-jammy kernel: [    0.004720] kvm-guest: PV spinlocks enabled
Oct  1 17:15:06 ubuntu-jammy kernel: [    0.004723] PV qspinlock hash table entries: 256 (order: 0, 4096 bytes, linear)
Oct  1 17:15:06 ubuntu-jammy kernel: [    0.004729] Built 1 zonelists, mobility grouping on.  Total pages: 128752
Oct  1 17:15:06 ubuntu-jammy kernel: [    0.004731] Policy zone: DMA32
Oct  1 17:15:06 ubuntu-jammy kernel: [    0.004732] Kernel command line: BOOT_IMAGE=/boot/vmlinuz-5.15.0-194-generic root=UUID=4f096d6a-4d01-44e7-839c-7bf5ce7f6a01 ro console=tty1 console=ttyS0
Oct  1 17:15:06 ubuntu-jammy kernel: [    0.004793] Dentry cache hash table entries: 65536 (order: 7, 524288 bytes, linear)
Oct  1 17:15:06 ubuntu-jammy kernel: [    0.004803] Inode-cache hash table entries: 32768 (order: 6, 262144 bytes, linear)
Oct  1 17:15:06 ubuntu-jammy kernel: [    0.004841] mem auto-init: stack:off, heap alloc:on, heap free:off
Oct  1 17:15:06 ubuntu-jammy kernel: [    0.006199] Memory: 422492K/523832K available (16393K kernel code, 4402K rwdata, 11004K rodata, 3292K init, 18768K bss, 101080K reserved, 0K cma-reserved)
Oct  1 17:15:06 ubuntu-jammy kernel: [    0.008178] SLUB: HWalign=64, Order=0-3, MinObjects=0, CPUs=2, Nodes=1
Oct  1 17:15:06 ubuntu-jammy kernel: [    0.008283] Kernel/User page tables isolation: enabled
Oct  1 17:15:06 ubuntu-jammy kernel: [    0.008348] ftrace: allocating 50910 entries in 199 pages
Oct  1 17:15:06 ubuntu-jammy kernel: [    0.033188] ftrace: allocated 199 pages with 5 groups
Oct  1 17:15:06 ubuntu-jammy kernel: [    0.033328] rcu: Hierarchical RCU implementation.
Oct  1 17:15:06 ubuntu-jammy kernel: [    0.033330] rcu: #011RCU restricting CPUs from NR_CPUS=8192 to nr_cpu_ids=2.
Oct  1 17:15:06 ubuntu-jammy kernel: [    0.033331] #011Rude variant of Tasks RCU enabled.
Oct  1 17:15:06 ubuntu-jammy kernel: [    0.033332] #011Tracing variant of Tasks RCU enabled.
Oct  1 17:15:06 ubuntu-jammy kernel: [    0.033333] rcu: RCU calculated value of scheduler-enlistment delay is 25 jiffies.
Oct  1 17:15:06 ubuntu-jammy kernel: [    0.033334] rcu: Adjusting geometry for rcu_fanout_leaf=16, nr_cpu_ids=2
Oct  1 17:15:06 ubuntu-jammy kernel: [    0.038676] NR_IRQS: 524544, nr_irqs: 440, preallocated irqs: 16
Oct  1 17:15:06 ubuntu-jammy kernel: [    0.039016] random: crng init done
Oct  1 17:15:06 ubuntu-jammy kernel: [    0.048091] Console: colour VGA+ 80x25
Oct  1 17:15:06 ubuntu-jammy kernel: [    0.074066] printk: console [tty1] enabled
Oct  1 17:15:06 ubuntu-jammy kernel: [    0.166948] printk: console [ttyS0] enabled
Oct  1 17:15:06 ubuntu-jammy kernel: [    0.167726] ACPI: Core revision 20210730
Oct  1 17:15:06 ubuntu-jammy kernel: [    0.168531] APIC: Switch to symmetric I/O mode setup
Oct  1 17:15:06 ubuntu-jammy kernel: [    0.169658] x2apic enabled
Oct  1 17:15:06 ubuntu-jammy kernel: [    0.170415] Switched APIC routing to physical x2apic.
Oct  1 17:15:06 ubuntu-jammy kernel: [    0.172360] ..TIMER: vector=0x30 apic1=0 pin1=2 apic2=-1 pin2=-1
Oct  1 17:15:06 ubuntu-jammy kernel: [    0.173434] clocksource: tsc-early: mask: 0xffffffffffffffff max_cycles: 0x229835b7123, max_idle_ns: 440795242976 ns
Oct  1 17:15:06 ubuntu-jammy kernel: [    0.175336] Calibrating delay loop (skipped) preset value.. 4799.99 BogoMIPS (lpj=9599992)
Oct  1 17:15:06 ubuntu-jammy kernel: [    0.176925] Last level iTLB entries: 4KB 64, 2MB 8, 4MB 8
Oct  1 17:15:06 ubuntu-jammy kernel: [    0.179335] Last level dTLB entries: 4KB 64, 2MB 32, 4MB 32, 1GB 4
Oct  1 17:15:06 ubuntu-jammy kernel: [    0.180389] Spectre V1 : Mitigation: usercopy/swapgs barriers and __user pointer sanitization
Oct  1 17:15:06 ubuntu-jammy kernel: [    0.183334] Spectre V2 : Mitigation: Retpolines
Oct  1 17:15:06 ubuntu-jammy kernel: [    0.184130] Spectre V2 : Spectre v2 / SpectreRSB: Filling RSB on context switch and VMEXIT
Oct  1 17:15:06 ubuntu-jammy kernel: [    0.185554] RETBleed: WARNING: Spectre v2 mitigation leaves CPU vulnerable to RETBleed attacks, data leaks possible!
Oct  1 17:15:06 ubuntu-jammy kernel: [    0.187333] RETBleed: Vulnerable
Oct  1 17:15:06 ubuntu-jammy kernel: [    0.187961] Speculative Store Bypass: Vulnerable
Oct  1 17:15:06 ubuntu-jammy kernel: [    0.188770] MDS: Mitigation: Clear CPU buffers
Oct  1 17:15:06 ubuntu-jammy kernel: [    0.189564] MMIO Stale Data: Mitigation: Clear CPU buffers
Oct  1 17:15:06 ubuntu-jammy kernel: [    0.190538] SRBDS: Unknown: Dependent on hypervisor status
Oct  1 17:15:06 ubuntu-jammy kernel: [    0.191334] GDS: Unknown: Dependent on hypervisor status
Oct  1 17:15:06 ubuntu-jammy kernel: [    0.192253] active return thunk: its_return_thunk
Oct  1 17:15:06 ubuntu-jammy kernel: [    0.193082] ITS: Mitigation: Aligned branch/return thunks
Oct  1 17:15:06 ubuntu-jammy kernel: [    0.194034] x86/fpu: Supporting XSAVE feature 0x001: 'x87 floating point registers'
Oct  1 17:15:06 ubuntu-jammy kernel: [    0.195333] x86/fpu: Supporting XSAVE feature 0x002: 'SSE registers'
Oct  1 17:15:06 ubuntu-jammy kernel: [    0.196426] x86/fpu: Supporting XSAVE feature 0x004: 'AVX registers'
Oct  1 17:15:06 ubuntu-jammy kernel: [    0.197522] x86/fpu: xstate_offset[2]:  576, xstate_sizes[2]:  256
Oct  1 17:15:06 ubuntu-jammy kernel: [    0.198600] x86/fpu: Enabled xstate features 0x7, context size is 832 bytes, using 'standard' format.
Oct  1 17:15:06 ubuntu-jammy kernel: [    0.211332] Freeing SMP alternatives memory: 44K
Oct  1 17:15:06 ubuntu-jammy kernel: [    0.211335] pid_max: default: 32768 minimum: 301
Oct  1 17:15:06 ubuntu-jammy kernel: [    0.212313] LSM: Security Framework initializing
Oct  1 17:15:06 ubuntu-jammy kernel: [    0.213295] landlock: Up and running.
Oct  1 17:15:06 ubuntu-jammy kernel: [    0.215333] Yama: becoming mindful.
Oct  1 17:15:06 ubuntu-jammy kernel: [    0.216146] AppArmor: AppArmor initialized
Oct  1 17:15:06 ubuntu-jammy kernel: [    0.217046] Mount-cache hash table entries: 1024 (order: 1, 8192 bytes, linear)
Oct  1 17:15:06 ubuntu-jammy kernel: [    0.218449] Mountpoint-cache hash table entries: 1024 (order: 1, 8192 bytes, linear)
Oct  1 17:15:06 ubuntu-jammy kernel: [    0.327610] smpboot: CPU0: Intel(R) Core(TM) i5-9300H CPU @ 2.40GHz (family: 0x6, model: 0x9e, stepping: 0xa)
Oct  1 17:15:06 ubuntu-jammy kernel: [    0.329713] Performance Events: unsupported p6 CPU model 158 no PMU driver, software events only.
Oct  1 17:15:06 ubuntu-jammy kernel: [    0.331342] signal: max sigframe size: 1776
Oct  1 17:15:06 ubuntu-jammy kernel: [    0.332242] rcu: Hierarchical SRCU implementation.
Oct  1 17:15:06 ubuntu-jammy kernel: [    0.333659] NMI watchdog: Perf NMI watchdog permanently disabled
Oct  1 17:15:06 ubuntu-jammy kernel: [    0.335374] smp: Bringing up secondary CPUs ...
Oct  1 17:15:06 ubuntu-jammy kernel: [    0.336458] x86: Booting SMP configuration:
Oct  1 17:15:06 ubuntu-jammy kernel: [    0.337458] .... node  #0, CPUs:      #1
Oct  1 17:15:06 ubuntu-jammy kernel: [    0.136337] kvm-clock: cpu 1, msr 12801041, secondary cpu clock
Oct  1 17:15:06 ubuntu-jammy kernel: [    0.339383] smp: Brought up 1 node, 2 CPUs
Oct  1 17:15:06 ubuntu-jammy kernel: [    0.341378] smpboot: Max logical packages: 1
Oct  1 17:15:06 ubuntu-jammy kernel: [    0.343334] smpboot: Total of 2 processors activated (9599.99 BogoMIPS)
Oct  1 17:15:06 ubuntu-jammy kernel: [    0.344797] devtmpfs: initialized
Oct  1 17:15:06 ubuntu-jammy kernel: [    0.344797] x86/mm: Memory block size: 128MB
Oct  1 17:15:06 ubuntu-jammy kernel: [    0.347393] clocksource: jiffies: mask: 0xffffffff max_cycles: 0xffffffff, max_idle_ns: 7645041785100000 ns
Oct  1 17:15:06 ubuntu-jammy kernel: [    0.349212] futex hash table entries: 512 (order: 3, 32768 bytes, linear)
Oct  1 17:15:06 ubuntu-jammy kernel: [    0.350527] pinctrl core: initialized pinctrl subsystem
Oct  1 17:15:06 ubuntu-jammy kernel: [    0.351428] PM: RTC time: 17:16:22, date: 2026-10-01
Oct  1 17:15:06 ubuntu-jammy kernel: [    0.352596] NET: Registered PF_NETLINK/PF_ROUTE protocol family
Oct  1 17:15:06 ubuntu-jammy kernel: [    0.353858] DMA: preallocated 128 KiB GFP_KERNEL pool for atomic allocations
Oct  1 17:15:06 ubuntu-jammy kernel: [    0.355342] DMA: preallocated 128 KiB GFP_KERNEL|GFP_DMA pool for atomic allocations
Oct  1 17:15:06 ubuntu-jammy kernel: [    0.356946] DMA: preallocated 128 KiB GFP_KERNEL|GFP_DMA32 pool for atomic allocations
Oct  1 17:15:06 ubuntu-jammy kernel: [    0.358534] audit: initializing netlink subsys (disabled)
Oct  1 17:15:06 ubuntu-jammy kernel: [    0.359353] audit: type=2000 audit(1790874986.813:1): state=initialized audit_enabled=0 res=1
Oct  1 17:15:06 ubuntu-jammy kernel: [    0.359434] thermal_sys: Registered thermal governor 'fair_share'
Oct  1 17:15:06 ubuntu-jammy kernel: [    0.361160] thermal_sys: Registered thermal governor 'bang_bang'
Oct  1 17:15:06 ubuntu-jammy kernel: [    0.363335] thermal_sys: Registered thermal governor 'step_wise'
Oct  1 17:15:06 ubuntu-jammy kernel: [    0.364644] thermal_sys: Registered thermal governor 'user_space'
Oct  1 17:15:06 ubuntu-jammy kernel: [    0.365998] thermal_sys: Registered thermal governor 'power_allocator'
Oct  1 17:15:06 ubuntu-jammy kernel: [    0.367356] cpuidle: using governor ladder
Oct  1 17:15:06 ubuntu-jammy kernel: [    0.369611] cpuidle: using governor menu
Oct  1 17:15:06 ubuntu-jammy kernel: [    0.370559] ACPI: bus type PCI registered
Oct  1 17:15:06 ubuntu-jammy kernel: [    0.371341] acpiphp: ACPI Hot Plug PCI Controller Driver version: 0.5
Oct  1 17:15:06 ubuntu-jammy kernel: [    0.372791] PCI: Using configuration type 1 for base access
Oct  1 17:15:06 ubuntu-jammy kernel: [    0.376279] kprobes: kprobe jump-optimization is enabled. All kprobes are optimized if possible.
Oct  1 17:15:06 ubuntu-jammy kernel: [    0.378266] HugeTLB registered 2.00 MiB page size, pre-allocated 0 pages
Oct  1 17:15:06 ubuntu-jammy kernel: [    0.383406] ACPI: Added _OSI(Module Device)
Oct  1 17:15:06 ubuntu-jammy kernel: [    0.384309] ACPI: Added _OSI(Processor Device)
Oct  1 17:15:06 ubuntu-jammy kernel: [    0.385271] ACPI: Added _OSI(Processor Aggregator Device)
Oct  1 17:15:06 ubuntu-jammy kernel: [    0.386301] ACPI: Added _OSI(Linux-Dell-Video)
Oct  1 17:15:06 ubuntu-jammy kernel: [    0.387341] ACPI: Added _OSI(Linux-Lenovo-NV-HDMI-Audio)
Oct  1 17:15:06 ubuntu-jammy kernel: [    0.388359] ACPI: Added _OSI(Linux-HPI-Hybrid-Graphics)
Oct  1 17:15:06 ubuntu-jammy kernel: [    0.391959] ACPI: 2 ACPI AML tables successfully acquired and loaded
Oct  1 17:15:06 ubuntu-jammy kernel: [    0.394987] ACPI: Interpreter enabled
Oct  1 17:15:06 ubuntu-jammy kernel: [    0.395348] ACPI: PM: (supports S0 S5)
Oct  1 17:15:06 ubuntu-jammy kernel: [    0.396132] ACPI: Using IOAPIC for interrupt routing
Oct  1 17:15:06 ubuntu-jammy kernel: [    0.397569] PCI: Using host bridge windows from ACPI; if necessary, use "pci=nocrs" and report a bug
Oct  1 17:15:06 ubuntu-jammy kernel: [    0.399334] PCI: Using E820 reservations for host bridge windows
Oct  1 17:15:06 ubuntu-jammy kernel: [    0.400661] ACPI: Enabled 2 GPEs in block 00 to 07
Oct  1 17:15:06 ubuntu-jammy kernel: [    0.408073] ACPI: PCI Root Bridge [PCI0] (domain 0000 [bus 00-ff])
Oct  1 17:15:06 ubuntu-jammy kernel: [    0.409589] acpi PNP0A03:00: _OSC: OS supports [ASPM ClockPM Segments MSI EDR HPX-Type3]
Oct  1 17:15:06 ubuntu-jammy kernel: [    0.411332] acpi PNP0A03:00: _OSC: not requesting OS control; OS requires [ExtendedConfig ASPM ClockPM MSI]
Oct  1 17:15:06 ubuntu-jammy kernel: [    0.411344] acpi PNP0A03:00: fail to add MMCONFIG information, can't access extended PCI configuration space under this bridge.
Oct  1 17:15:06 ubuntu-jammy kernel: [    0.415714] PCI host bridge to bus 0000:00
Oct  1 17:15:06 ubuntu-jammy kernel: [    0.416607] pci_bus 0000:00: root bus resource [io  0x0000-0x0cf7 window]
Oct  1 17:15:06 ubuntu-jammy kernel: [    0.417963] pci_bus 0000:00: root bus resource [io  0x0d00-0xffff window]
Oct  1 17:15:06 ubuntu-jammy kernel: [    0.419334] pci_bus 0000:00: root bus resource [mem 0x000a0000-0x000bffff window]
Oct  1 17:15:06 ubuntu-jammy kernel: [    0.421001] pci_bus 0000:00: root bus resource [mem 0x20000000-0xfdffffff window]
Oct  1 17:15:06 ubuntu-jammy kernel: [    0.422563] pci_bus 0000:00: root bus resource [bus 00-ff]
Oct  1 17:15:06 ubuntu-jammy kernel: [    0.423726] pci 0000:00:00.0: [8086:1237] type 00 class 0x060000
Oct  1 17:15:06 ubuntu-jammy kernel: [    0.425924] pci 0000:00:01.0: [8086:7000] type 00 class 0x060100
Oct  1 17:15:06 ubuntu-jammy kernel: [    0.427973] pci 0000:00:01.1: [8086:7111] type 00 class 0x01018a
Oct  1 17:15:06 ubuntu-jammy kernel: [    0.429769] pci 0000:00:01.1: reg 0x20: [io  0xd000-0xd00f]
Oct  1 17:15:06 ubuntu-jammy kernel: [    0.431377] pci 0000:00:01.1: legacy IDE quirk: reg 0x10: [io  0x01f0-0x01f7]
Oct  1 17:15:06 ubuntu-jammy kernel: [    0.433008] pci 0000:00:01.1: legacy IDE quirk: reg 0x14: [io  0x03f6]
Oct  1 17:15:06 ubuntu-jammy kernel: [    0.434495] pci 0000:00:01.1: legacy IDE quirk: reg 0x18: [io  0x0170-0x0177]
Oct  1 17:15:06 ubuntu-jammy kernel: [    0.435336] pci 0000:00:01.1: legacy IDE quirk: reg 0x1c: [io  0x0376]
Oct  1 17:15:06 ubuntu-jammy kernel: [    0.437495] pci 0000:00:02.0: [80ee:beef] type 00 class 0x030000
Oct  1 17:15:06 ubuntu-jammy kernel: [    0.440077] pci 0000:00:02.0: reg 0x10: [mem 0xe0000000-0xe0ffffff pref]
Oct  1 17:15:06 ubuntu-jammy kernel: [    0.441444] pci 0000:00:02.0: Video device with shadowed ROM at [mem 0x000c0000-0x000dffff]
Oct  1 17:15:06 ubuntu-jammy kernel: [    0.443889] pci 0000:00:03.0: [8086:100e] type 00 class 0x020000
Oct  1 17:15:06 ubuntu-jammy kernel: [    0.445720] pci 0000:00:03.0: reg 0x10: [mem 0xf0000000-0xf001ffff]
Oct  1 17:15:06 ubuntu-jammy kernel: [    0.447353] pci 0000:00:03.0: reg 0x18: [io  0xd010-0xd017]
Oct  1 17:15:06 ubuntu-jammy kernel: [    0.449245] pci 0000:00:04.0: [80ee:cafe] type 00 class 0x088000
Oct  1 17:15:06 ubuntu-jammy kernel: [    0.451011] pci 0000:00:04.0: reg 0x10: [io  0xd020-0xd03f]
Oct  1 17:15:06 ubuntu-jammy kernel: [    0.451344] pci 0000:00:04.0: reg 0x14: [mem 0xf0400000-0xf07fffff]
Oct  1 17:15:06 ubuntu-jammy kernel: [    0.452639] pci 0000:00:04.0: reg 0x18: [mem 0xf0800000-0xf0803fff pref]
Oct  1 17:15:06 ubuntu-jammy kernel: [    0.455731] pci 0000:00:05.0: [8086:2415] type 00 class 0x040100
Oct  1 17:15:06 ubuntu-jammy kernel: [    0.457246] pci 0000:00:05.0: reg 0x10: [io  0xd100-0xd1ff]
Oct  1 17:15:06 ubuntu-jammy kernel: [    0.458451] pci 0000:00:05.0: reg 0x14: [io  0xd200-0xd23f]
Oct  1 17:15:06 ubuntu-jammy kernel: [    0.460177] pci 0000:00:07.0: [8086:7113] type 00 class 0x068000
Oct  1 17:15:06 ubuntu-jammy kernel: [    0.461761] pci 0000:00:07.0: quirk: [io  0x4000-0x403f] claimed by PIIX4 ACPI
Oct  1 17:15:06 ubuntu-jammy kernel: [    0.463344] pci 0000:00:07.0: quirk: [io  0x4100-0x410f] claimed by PIIX4 SMB
Oct  1 17:15:06 ubuntu-jammy kernel: [    0.465526] pci 0000:00:08.0: [8086:100e] type 00 class 0x020000
Oct  1 17:15:06 ubuntu-jammy kernel: [    0.467917] pci 0000:00:08.0: reg 0x10: [mem 0xf0820000-0xf083ffff]
Oct  1 17:15:06 ubuntu-jammy kernel: [    0.469214] pci 0000:00:08.0: reg 0x18: [io  0xd240-0xd247]
Oct  1 17:15:06 ubuntu-jammy kernel: [    0.473823] pci 0000:00:14.0: [1000:0030] type 00 class 0x010000
Oct  1 17:15:06 ubuntu-jammy kernel: [    0.475906] pci 0000:00:14.0: reg 0x10: [io  0xd300-0xd3ff]
Oct  1 17:15:06 ubuntu-jammy kernel: [    0.477056] pci 0000:00:14.0: reg 0x14: [mem 0xf0840000-0xf085ffff]
Oct  1 17:15:06 ubuntu-jammy kernel: [    0.478268] pci 0000:00:14.0: reg 0x18: [mem 0xf0860000-0xf087ffff]
Oct  1 17:15:06 ubuntu-jammy kernel: [    0.483757] ACPI: PCI: Interrupt link LNKA configured for IRQ 11
Oct  1 17:15:06 ubuntu-jammy kernel: [    0.485382] ACPI: PCI: Interrupt link LNKB configured for IRQ 10
Oct  1 17:15:06 ubuntu-jammy kernel: [    0.486661] ACPI: PCI: Interrupt link LNKC configured for IRQ 9
Oct  1 17:15:06 ubuntu-jammy kernel: [    0.487440] ACPI: PCI: Interrupt link LNKD configured for IRQ 11
Oct  1 17:15:06 ubuntu-jammy kernel: [    0.488762] iommu: Default domain type: Translated 
Oct  1 17:15:06 ubuntu-jammy kernel: [    0.488762] iommu: DMA domain TLB invalidation policy: lazy mode 
Oct  1 17:15:06 ubuntu-jammy kernel: [    0.491490] SCSI subsystem initialized
Oct  1 17:15:06 ubuntu-jammy kernel: [    0.492392] libata version 3.00 loaded.
Oct  1 17:15:06 ubuntu-jammy kernel: [    0.492392] pci 0000:00:02.0: vgaarb: setting as boot VGA device
Oct  1 17:15:06 ubuntu-jammy kernel: [    0.492505] pci 0000:00:02.0: vgaarb: VGA device added: decodes=io+mem,owns=io+mem,locks=none
Oct  1 17:15:06 ubuntu-jammy kernel: [    0.495335] pci 0000:00:02.0: vgaarb: bridge control possible
Oct  1 17:15:06 ubuntu-jammy kernel: [    0.496551] vgaarb: loaded
Oct  1 17:15:06 ubuntu-jammy kernel: [    0.497163] ACPI: bus type USB registered
Oct  1 17:15:06 ubuntu-jammy kernel: [    0.498061] usbcore: registered new interface driver usbfs
Oct  1 17:15:06 ubuntu-jammy kernel: [    0.499341] usbcore: registered new interface driver hub
Oct  1 17:15:06 ubuntu-jammy kernel: [    0.500407] usbcore: registered new device driver usb
Oct  1 17:15:06 ubuntu-jammy kernel: [    0.501459] pps_core: LinuxPPS API ver. 1 registered
Oct  1 17:15:06 ubuntu-jammy kernel: [    0.502526] pps_core: Software ver. 5.3.6 - Copyright 2005-2007 Rodolfo Giometti <giometti@linux.it>
Oct  1 17:15:06 ubuntu-jammy kernel: [    0.503338] PTP clock support registered
Oct  1 17:15:06 ubuntu-jammy kernel: [    0.504258] EDAC MC: Ver: 3.0.0
Oct  1 17:15:06 ubuntu-jammy kernel: [    0.507471] NetLabel: Initializing
Oct  1 17:15:06 ubuntu-jammy kernel: [    0.508413] NetLabel:  domain hash size = 128
Oct  1 17:15:06 ubuntu-jammy kernel: [    0.509436] NetLabel:  protocols = UNLABELED CIPSOv4 CALIPSO
Oct  1 17:15:06 ubuntu-jammy kernel: [    0.511012] NetLabel:  unlabeled traffic allowed by default
Oct  1 17:15:06 ubuntu-jammy kernel: [    0.511377] PCI: Using ACPI for IRQ routing
Oct  1 17:15:06 ubuntu-jammy kernel: [    0.512373] PCI: pci_cache_line_size set to 64 bytes
Oct  1 17:15:06 ubuntu-jammy kernel: [    0.512552] e820: reserve RAM buffer [mem 0x0009fc00-0x0009ffff]
Oct  1 17:15:06 ubuntu-jammy kernel: [    0.512555] e820: reserve RAM buffer [mem 0x1fff0000-0x1fffffff]
Oct  1 17:15:06 ubuntu-jammy kernel: [    0.512595] clocksource: Switched to clocksource kvm-clock
Oct  1 17:15:06 ubuntu-jammy kernel: [    0.526324] VFS: Disk quotas dquot_6.6.0
Oct  1 17:15:06 ubuntu-jammy kernel: [    0.527240] VFS: Dquot-cache hash table entries: 512 (order 0, 4096 bytes)
Oct  1 17:15:06 ubuntu-jammy kernel: [    0.528822] AppArmor: AppArmor Filesystem Enabled
Oct  1 17:15:06 ubuntu-jammy kernel: [    0.529887] pnp: PnP ACPI init
Oct  1 17:15:06 ubuntu-jammy kernel: [    0.531601] pnp: PnP ACPI: found 3 devices
Oct  1 17:15:06 ubuntu-jammy kernel: [    0.541675] clocksource: acpi_pm: mask: 0xffffff max_cycles: 0xffffff, max_idle_ns: 2085701024 ns
Oct  1 17:15:06 ubuntu-jammy kernel: [    0.543685] NET: Registered PF_INET protocol family
Oct  1 17:15:06 ubuntu-jammy kernel: [    0.544987] IP idents hash table entries: 8192 (order: 4, 65536 bytes, linear)
Oct  1 17:15:06 ubuntu-jammy kernel: [    0.546858] tcp_listen_portaddr_hash hash table entries: 256 (order: 0, 4096 bytes, linear)
Oct  1 17:15:06 ubuntu-jammy kernel: [    0.548674] Table-perturb hash table entries: 65536 (order: 6, 262144 bytes, linear)
Oct  1 17:15:06 ubuntu-jammy kernel: [    0.551013] TCP established hash table entries: 4096 (order: 3, 32768 bytes, linear)
Oct  1 17:15:06 ubuntu-jammy kernel: [    0.552949] TCP bind hash table entries: 4096 (order: 4, 65536 bytes, linear)
Oct  1 17:15:06 ubuntu-jammy kernel: [    0.554442] TCP: Hash tables configured (established 4096 bind 4096)
Oct  1 17:15:06 ubuntu-jammy kernel: [    0.555812] MPTCP token hash table entries: 512 (order: 2, 12288 bytes, linear)
Oct  1 17:15:06 ubuntu-jammy kernel: [    0.557374] UDP hash table entries: 256 (order: 1, 8192 bytes, linear)
Oct  1 17:15:06 ubuntu-jammy kernel: [    0.558635] UDP-Lite hash table entries: 256 (order: 1, 8192 bytes, linear)
Oct  1 17:15:06 ubuntu-jammy kernel: [    0.560078] NET: Registered PF_UNIX/PF_LOCAL protocol family
Oct  1 17:15:06 ubuntu-jammy kernel: [    0.561279] NET: Registered PF_XDP protocol family
Oct  1 17:15:06 ubuntu-jammy kernel: [    0.562243] pci_bus 0000:00: resource 4 [io  0x0000-0x0cf7 window]
Oct  1 17:15:06 ubuntu-jammy kernel: [    0.563551] pci_bus 0000:00: resource 5 [io  0x0d00-0xffff window]
Oct  1 17:15:06 ubuntu-jammy kernel: [    0.564932] pci_bus 0000:00: resource 6 [mem 0x000a0000-0x000bffff window]
Oct  1 17:15:06 ubuntu-jammy kernel: [    0.566287] pci_bus 0000:00: resource 7 [mem 0x20000000-0xfdffffff window]
Oct  1 17:15:06 ubuntu-jammy kernel: [    0.567687] pci 0000:00:00.0: Limiting direct PCI/PCI transfers
Oct  1 17:15:06 ubuntu-jammy kernel: [    0.569580] pci 0000:00:01.0: Activating ISA DMA hang workarounds
Oct  1 17:15:06 ubuntu-jammy kernel: [    0.571010] PCI: CLS 0 bytes, default 64
Oct  1 17:15:06 ubuntu-jammy kernel: [    0.571883] Trying to unpack rootfs image as initramfs...
Oct  1 17:15:06 ubuntu-jammy kernel: [    0.580970] clocksource: tsc: mask: 0xffffffffffffffff max_cycles: 0x229835b7123, max_idle_ns: 440795242976 ns
Oct  1 17:15:06 ubuntu-jammy kernel: [    0.583023] clocksource: Switched to clocksource tsc
Oct  1 17:15:06 ubuntu-jammy kernel: [    0.584018] platform rtc_cmos: registered platform RTC device (no PNP device found)
Oct  1 17:15:06 ubuntu-jammy kernel: [    0.586014] Initialise system trusted keyrings
Oct  1 17:15:06 ubuntu-jammy kernel: [    0.586945] Key type blacklist registered
Oct  1 17:15:06 ubuntu-jammy kernel: [    0.588041] workingset: timestamp_bits=36 max_order=17 bucket_order=0
Oct  1 17:15:06 ubuntu-jammy kernel: [    0.590543] zbud: loaded
Oct  1 17:15:06 ubuntu-jammy kernel: [    0.591337] squashfs: version 4.0 (2009/01/31) Phillip Lougher
Oct  1 17:15:06 ubuntu-jammy kernel: [    0.592741] fuse: init (API version 7.34)
Oct  1 17:15:06 ubuntu-jammy kernel: [    0.593794] integrity: Platform Keyring initialized
Oct  1 17:15:06 ubuntu-jammy kernel: [    0.600597] Key type asymmetric registered
Oct  1 17:15:06 ubuntu-jammy kernel: [    0.601527] Asymmetric key parser 'x509' registered
Oct  1 17:15:06 ubuntu-jammy kernel: [    0.602538] Block layer SCSI generic (bsg) driver version 0.4 loaded (major 243)
Oct  1 17:15:06 ubuntu-jammy kernel: [    0.604298] io scheduler mq-deadline registered
Oct  1 17:15:06 ubuntu-jammy kernel: [    0.605404] shpchp: Standard Hot Plug PCI Controller Driver version: 0.4
Oct  1 17:15:06 ubuntu-jammy kernel: [    0.606875] ACPI: AC: AC Adapter [AC] (on-line)
Oct  1 17:15:06 ubuntu-jammy kernel: [    0.607859] input: Power Button as /devices/LNXSYSTM:00/LNXPWRBN:00/input/input0
Oct  1 17:15:06 ubuntu-jammy kernel: [    0.609648] ACPI: button: Power Button [PWRF]
Oct  1 17:15:06 ubuntu-jammy kernel: [    0.610763] input: Sleep Button as /devices/LNXSYSTM:00/LNXSLPBN:00/input/input1
Oct  1 17:15:06 ubuntu-jammy kernel: [    0.612553] ACPI: button: Sleep Button [SLPF]
Oct  1 17:15:06 ubuntu-jammy kernel: [    0.613878] Serial: 8250/16550 driver, 32 ports, IRQ sharing enabled
Oct  1 17:15:06 ubuntu-jammy kernel: [    0.636559] ACPI: battery: Slot [BAT0] (battery present)
Oct  1 17:15:06 ubuntu-jammy kernel: [    0.637854] 00:02: ttyS0 at I/O 0x3f8 (irq = 4, base_baud = 115200) is a 16550A
Oct  1 17:15:06 ubuntu-jammy kernel: [    0.640965] Linux agpgart interface v0.103
Oct  1 17:15:06 ubuntu-jammy kernel: [    0.642916] loop: module loaded
Oct  1 17:15:06 ubuntu-jammy kernel: [    0.643719] ata_piix 0000:00:01.1: version 2.13
Oct  1 17:15:06 ubuntu-jammy kernel: [    0.644566] scsi host0: ata_piix
Oct  1 17:15:06 ubuntu-jammy kernel: [    0.645677] scsi host1: ata_piix
Oct  1 17:15:06 ubuntu-jammy kernel: [    0.646420] ata1: PATA max UDMA/33 cmd 0x1f0 ctl 0x3f6 bmdma 0xd000 irq 14
Oct  1 17:15:06 ubuntu-jammy kernel: [    0.647775] ata2: PATA max UDMA/33 cmd 0x170 ctl 0x376 bmdma 0xd008 irq 15
Oct  1 17:15:06 ubuntu-jammy kernel: [    0.649681] tun: Universal TUN/TAP device driver, 1.6
Oct  1 17:15:06 ubuntu-jammy kernel: [    0.650845] PPP generic driver version 2.4.2
Oct  1 17:15:06 ubuntu-jammy kernel: [    0.651887] VFIO - User Level meta-driver version: 0.3
Oct  1 17:15:06 ubuntu-jammy kernel: [    0.653188] ehci_hcd: USB 2.0 'Enhanced' Host Controller (EHCI) Driver
Oct  1 17:15:06 ubuntu-jammy kernel: [    0.655002] ehci-pci: EHCI PCI platform driver
Oct  1 17:15:06 ubuntu-jammy kernel: [    0.655935] ehci-platform: EHCI generic platform driver
Oct  1 17:15:06 ubuntu-jammy kernel: [    0.657085] ohci_hcd: USB 1.1 'Open' Host Controller (OHCI) Driver
Oct  1 17:15:06 ubuntu-jammy kernel: [    0.658414] ohci-pci: OHCI PCI platform driver
Oct  1 17:15:06 ubuntu-jammy kernel: [    0.659408] ohci-platform: OHCI generic platform driver
Oct  1 17:15:06 ubuntu-jammy kernel: [    0.660611] uhci_hcd: USB Universal Host Controller Interface driver
Oct  1 17:15:06 ubuntu-jammy kernel: [    0.661930] i8042: PNP: PS/2 Controller [PNP0303:PS2K,PNP0f03:PS2M] at 0x60,0x64 irq 1,12
Oct  1 17:15:06 ubuntu-jammy kernel: [    0.664060] serio: i8042 KBD port at 0x60,0x64 irq 1
Oct  1 17:15:06 ubuntu-jammy kernel: [    0.665088] serio: i8042 AUX port at 0x60,0x64 irq 12
Oct  1 17:15:06 ubuntu-jammy kernel: [    0.666300] mousedev: PS/2 mouse device common for all mice
Oct  1 17:15:06 ubuntu-jammy kernel: [    0.667636] input: AT Translated Set 2 keyboard as /devices/platform/i8042/serio0/input/input2
Oct  1 17:15:06 ubuntu-jammy kernel: [    0.672789] rtc_cmos rtc_cmos: registered as rtc0
Oct  1 17:15:06 ubuntu-jammy kernel: [    0.673751] rtc_cmos rtc_cmos: setting system clock to 2026-10-01T17:16:22 UTC (1790874982)
Oct  1 17:15:06 ubuntu-jammy kernel: [    0.675667] rtc_cmos rtc_cmos: alarms up to one day, 114 bytes nvram
Oct  1 17:15:06 ubuntu-jammy kernel: [    0.677816] i2c_dev: i2c /dev entries driver
Oct  1 17:15:06 ubuntu-jammy kernel: [    0.678715] device-mapper: core: CONFIG_IMA_DISABLE_HTABLE is disabled. Duplicate IMA measurements will not be recorded in the IMA log.
Oct  1 17:15:06 ubuntu-jammy kernel: [    0.681134] device-mapper: uevent: version 1.0.3
Oct  1 17:15:06 ubuntu-jammy kernel: [    0.682171] device-mapper: ioctl: 4.45.0-ioctl (2021-03-22) initialised: dm-devel@redhat.com
Oct  1 17:15:06 ubuntu-jammy kernel: [    0.683892] intel_pstate: CPU model not supported
Oct  1 17:15:06 ubuntu-jammy kernel: [    0.684937] ledtrig-cpu: registered to indicate activity on CPUs
Oct  1 17:15:06 ubuntu-jammy kernel: [    0.686174] drop_monitor: Initializing network drop monitor service
Oct  1 17:15:06 ubuntu-jammy kernel: [    0.687546] NET: Registered PF_INET6 protocol family
Oct  1 17:15:06 ubuntu-jammy kernel: [    0.756546] Freeing initrd memory: 33344K
Oct  1 17:15:06 ubuntu-jammy kernel: [    0.762831] Segment Routing with IPv6
Oct  1 17:15:06 ubuntu-jammy kernel: [    0.763643] In-situ OAM (IOAM) with IPv6
Oct  1 17:15:06 ubuntu-jammy kernel: [    0.764478] NET: Registered PF_PACKET protocol family
Oct  1 17:15:06 ubuntu-jammy kernel: [    0.765652] Key type dns_resolver registered
Oct  1 17:15:06 ubuntu-jammy kernel: [    0.766809] IPI shorthand broadcast: enabled
Oct  1 17:15:06 ubuntu-jammy kernel: [    0.767851] sched_clock: Marking stable (634391901, 132337421)->(773271115, -6541793)
Oct  1 17:15:06 ubuntu-jammy kernel: [    0.769739] registered taskstats version 1
Oct  1 17:15:06 ubuntu-jammy kernel: [    0.770891] Loading compiled-in X.509 certificates
Oct  1 17:15:06 ubuntu-jammy kernel: [    0.772562] Loaded X.509 cert 'Build time autogenerated kernel key: 9d83e2f27fa0bf7fafda6a7a37a8a6eaebc407a5'
Oct  1 17:15:06 ubuntu-jammy kernel: [    0.774881] Loaded X.509 cert 'Canonical Ltd. Live Patch Signing 2025 Kmod: d541cef61dc7e793b7eb7e899970a2eef0b5dc8c'
Oct  1 17:15:06 ubuntu-jammy kernel: [    0.777388] Loaded X.509 cert 'Canonical Ltd. Live Patch Signing: 14df34d1a87cf37625abec039ef2bf521249b969'
Oct  1 17:15:06 ubuntu-jammy kernel: [    0.779673] Loaded X.509 cert 'Canonical Ltd. Kernel Module Signing 2025 Kmod: 4627603d2357a2a3f81006370894c221175893e9'
Oct  1 17:15:06 ubuntu-jammy kernel: [    0.782314] Loaded X.509 cert 'Canonical Ltd. Kernel Module Signing: 88f752e560a1e0737e31163a466ad7b70a850c19'
Oct  1 17:15:06 ubuntu-jammy kernel: [    0.784306] blacklist: Loading compiled-in revocation X.509 certificates
Oct  1 17:15:06 ubuntu-jammy kernel: [    0.785637] Loaded X.509 cert 'Canonical Ltd. Secure Boot Signing: 61482aa2830d0ab2ad5af10b7250da9033ddcef0'
Oct  1 17:15:06 ubuntu-jammy kernel: [    0.787614] Loaded X.509 cert 'Canonical Ltd. Secure Boot Signing (2017): 242ade75ac4a15e50d50c84b0d45ff3eae707a03'
Oct  1 17:15:06 ubuntu-jammy kernel: [    0.789761] Loaded X.509 cert 'Canonical Ltd. Secure Boot Signing (ESM 2018): 365188c1d374d6b07c3c8f240f8ef722433d6a8b'
Oct  1 17:15:06 ubuntu-jammy kernel: [    0.791863] Loaded X.509 cert 'Canonical Ltd. Secure Boot Signing (2019): c0746fd6c5da3ae827864651ad66ae47fe24b3e8'
Oct  1 17:15:06 ubuntu-jammy kernel: [    0.793923] Loaded X.509 cert 'Canonical Ltd. Secure Boot Signing (2021 v1): a8d54bbb3825cfb94fa13c9f8a594a195c107b8d'
Oct  1 17:15:06 ubuntu-jammy kernel: [    0.796029] Loaded X.509 cert 'Canonical Ltd. Secure Boot Signing (2021 v2): 4cf046892d6fd3c9a5b03f98d845f90851dc6a8c'
Oct  1 17:15:06 ubuntu-jammy kernel: [    0.798202] Loaded X.509 cert 'Canonical Ltd. Secure Boot Signing (2021 v3): 100437bb6de6e469b581e61cd66bce3ef4ed53af'
Oct  1 17:15:06 ubuntu-jammy kernel: [    0.800332] Loaded X.509 cert 'Canonical Ltd. Secure Boot Signing (Ubuntu Core 2019): c1d57b8f6b743f23ee41f4f7ee292f06eecadfb9'
Oct  1 17:15:06 ubuntu-jammy kernel: [    0.802579] zswap: loaded using pool lzo/zbud
Oct  1 17:15:06 ubuntu-jammy kernel: [    0.803787] Key type .fscrypt registered
Oct  1 17:15:06 ubuntu-jammy kernel: [    0.804629] Key type fscrypt-provisioning registered
Oct  1 17:15:06 ubuntu-jammy kernel: [    0.807744] Key type encrypted registered
Oct  1 17:15:06 ubuntu-jammy kernel: [    0.808616] AppArmor: AppArmor sha1 policy hashing enabled
Oct  1 17:15:06 ubuntu-jammy kernel: [    0.809721] ima: No TPM chip found, activating TPM-bypass!
Oct  1 17:15:06 ubuntu-jammy kernel: [    0.810927] Loading compiled-in module X.509 certificates
Oct  1 17:15:06 ubuntu-jammy kernel: [    0.812458] Loaded X.509 cert 'Build time autogenerated kernel key: 9d83e2f27fa0bf7fafda6a7a37a8a6eaebc407a5'
Oct  1 17:15:06 ubuntu-jammy kernel: [    0.814429] ima: Allocated hash algorithm: sha1
Oct  1 17:15:06 ubuntu-jammy kernel: [    0.815735] ima: No architecture policies found
Oct  1 17:15:06 ubuntu-jammy kernel: [    0.816739] evm: Initialising EVM extended attributes:
Oct  1 17:15:06 ubuntu-jammy kernel: [    0.817780] evm: security.selinux
Oct  1 17:15:06 ubuntu-jammy kernel: [    0.818527] evm: security.SMACK64
Oct  1 17:15:06 ubuntu-jammy kernel: [    0.819249] evm: security.SMACK64EXEC
Oct  1 17:15:06 ubuntu-jammy kernel: [    0.820023] evm: security.SMACK64TRANSMUTE
Oct  1 17:15:06 ubuntu-jammy kernel: [    0.820988] evm: security.SMACK64MMAP
Oct  1 17:15:06 ubuntu-jammy kernel: [    0.821766] evm: security.apparmor
Oct  1 17:15:06 ubuntu-jammy kernel: [    0.822563] evm: security.ima
Oct  1 17:15:06 ubuntu-jammy kernel: [    0.823242] evm: security.capability
Oct  1 17:15:06 ubuntu-jammy kernel: [    0.824005] evm: HMAC attrs: 0x1
Oct  1 17:15:06 ubuntu-jammy kernel: [    0.831255] PM:   Magic number: 14:621:288
Oct  1 17:15:06 ubuntu-jammy kernel: [    0.832110] PM:   hash matches drivers/base/power/main.c:670
Oct  1 17:15:06 ubuntu-jammy kernel: [    0.833311] tty tty21: hash matches
Oct  1 17:15:06 ubuntu-jammy kernel: [    0.834070] acpi PNP0400:01: hash matches
Oct  1 17:15:06 ubuntu-jammy kernel: [    0.835189] RAS: Correctable Errors collector initialized.
Oct  1 17:15:06 ubuntu-jammy kernel: [    0.836290] clk: Disabling unused clocks
Oct  1 17:15:06 ubuntu-jammy kernel: [    0.838441] Freeing unused decrypted memory: 2036K
Oct  1 17:15:06 ubuntu-jammy kernel: [    0.839891] Freeing unused kernel image (initmem) memory: 3292K
Oct  1 17:15:06 ubuntu-jammy kernel: [    0.841315] Write protecting the kernel read-only data: 30720k
Oct  1 17:15:06 ubuntu-jammy kernel: [    0.843009] Freeing unused kernel image (text/rodata gap) memory: 2036K
Oct  1 17:15:06 ubuntu-jammy kernel: [    0.844578] Freeing unused kernel image (rodata/data gap) memory: 1284K
Oct  1 17:15:06 ubuntu-jammy kernel: [    0.893937] x86/mm: Checked W+X mappings: passed, no W+X pages found.
Oct  1 17:15:06 ubuntu-jammy kernel: [    0.895260] x86/mm: Checking user space page tables
Oct  1 17:15:06 ubuntu-jammy kernel: [    0.942687] x86/mm: Checked W+X mappings: passed, no W+X pages found.
Oct  1 17:15:06 ubuntu-jammy kernel: [    0.944048] Run /init as init process
Oct  1 17:15:06 ubuntu-jammy kernel: [    0.944810]   with arguments:
Oct  1 17:15:06 ubuntu-jammy kernel: [    0.944811]     /init
Oct  1 17:15:06 ubuntu-jammy kernel: [    0.944812]   with environment:
Oct  1 17:15:06 ubuntu-jammy kernel: [    0.944813]     HOME=/
Oct  1 17:15:06 ubuntu-jammy kernel: [    0.944813]     TERM=linux
Oct  1 17:15:06 ubuntu-jammy kernel: [    1.064513] e1000: Intel(R) PRO/1000 Network Driver
Oct  1 17:15:06 ubuntu-jammy kernel: [    1.065613] e1000: Copyright (c) 1999-2006 Intel Corporation.
Oct  1 17:15:06 ubuntu-jammy kernel: [    1.066941] Fusion MPT base driver 3.04.20
Oct  1 17:15:06 ubuntu-jammy kernel: [    1.068177] Copyright (c) 1999-2008 LSI Corporation
Oct  1 17:15:06 ubuntu-jammy kernel: [    1.072450] Fusion MPT SPI Host driver 3.04.20
Oct  1 17:15:06 ubuntu-jammy kernel: [    1.079197] cryptd: max_cpu_qlen set to 1000
Oct  1 17:15:06 ubuntu-jammy kernel: [    1.083975] AVX2 version of gcm_enc/dec engaged.
Oct  1 17:15:06 ubuntu-jammy kernel: [    1.086389] vboxvideo 0000:00:02.0: vgaarb: deactivate vga console
Oct  1 17:15:06 ubuntu-jammy kernel: [    1.088845] Console: switching to colour dummy device 80x25
Oct  1 17:15:06 ubuntu-jammy kernel: [    1.090505] [drm] VRAM 01000000
Oct  1 17:15:06 ubuntu-jammy kernel: [    1.091623] mptbase: ioc0: Initiating bringup
Oct  1 17:15:06 ubuntu-jammy kernel: [    1.092368] [drm] Initialized vboxvideo 1.0.0 20130823 for 0000:00:02.0 on minor 0
Oct  1 17:15:06 ubuntu-jammy kernel: [    1.093885] AES CTR mode by8 optimization enabled
Oct  1 17:15:06 ubuntu-jammy kernel: [    1.095751] fbcon: vboxvideodrmfb (fb0) is primary device
Oct  1 17:15:06 ubuntu-jammy kernel: [    1.097851] vboxvideo 0000:00:02.0: [drm] drm_plane_enable_fb_damage_clips() not called
Oct  1 17:15:06 ubuntu-jammy kernel: [    1.097860] Console: switching to colour frame buffer device 128x48
Oct  1 17:15:06 ubuntu-jammy kernel: [    1.120143] vboxvideo 0000:00:02.0: [drm] fb0: vboxvideodrmfb frame buffer device
Oct  1 17:15:06 ubuntu-jammy kernel: [    1.204561] ioc0: LSI53C1030 A0: Capabilities={Initiator}
Oct  1 17:15:06 ubuntu-jammy kernel: [    1.273612] input: ImExPS/2 Generic Explorer Mouse as /devices/platform/i8042/serio1/input/input4
Oct  1 17:15:06 ubuntu-jammy kernel: [    1.449752] e1000 0000:00:03.0 eth0: (PCI:33MHz:32-bit) 02:8e:3e:db:5c:8a
Oct  1 17:15:06 ubuntu-jammy kernel: [    1.451198] e1000 0000:00:03.0 eth0: Intel(R) PRO/1000 Network Connection
Oct  1 17:15:06 ubuntu-jammy kernel: [    1.451232] scsi host2: ioc0: LSI53C1030 A0, FwRev=00000000h, Ports=1, MaxQ=256, IRQ=20
Oct  1 17:15:06 ubuntu-jammy kernel: [    1.648869] scsi 2:0:0:0: Direct-Access     VBOX     HARDDISK         1.0  PQ: 0 ANSI: 5
Oct  1 17:15:06 ubuntu-jammy kernel: [    1.768402] scsi target2:0:0: Beginning Domain Validation
Oct  1 17:15:06 ubuntu-jammy kernel: [    1.771620] scsi target2:0:0: Domain Validation skipping write tests
Oct  1 17:15:06 ubuntu-jammy kernel: [    1.772724] scsi target2:0:0: Ending Domain Validation
Oct  1 17:15:06 ubuntu-jammy kernel: [    1.773725] scsi target2:0:0: asynchronous
Oct  1 17:15:06 ubuntu-jammy kernel: [    1.775165] scsi 2:0:1:0: Direct-Access     VBOX     HARDDISK         1.0  PQ: 0 ANSI: 5
Oct  1 17:15:06 ubuntu-jammy kernel: [    1.792804] scsi target2:0:1: Beginning Domain Validation
Oct  1 17:15:06 ubuntu-jammy kernel: [    1.795664] scsi target2:0:1: Domain Validation skipping write tests
Oct  1 17:15:06 ubuntu-jammy kernel: [    1.796816] scsi target2:0:1: Ending Domain Validation
Oct  1 17:15:06 ubuntu-jammy kernel: [    1.798156] scsi target2:0:1: asynchronous
Oct  1 17:15:06 ubuntu-jammy kernel: [    1.802522] sd 2:0:0:0: Attached scsi generic sg0 type 0
Oct  1 17:15:06 ubuntu-jammy kernel: [    1.802750] sd 2:0:0:0: [sda] 83886080 512-byte logical blocks: (42.9 GB/40.0 GiB)
Oct  1 17:15:06 ubuntu-jammy kernel: [    1.803673] sd 2:0:1:0: Attached scsi generic sg1 type 0
Oct  1 17:15:06 ubuntu-jammy kernel: [    1.804754] sd 2:0:0:0: [sda] Write Protect is off
Oct  1 17:15:06 ubuntu-jammy kernel: [    1.806196] sd 2:0:0:0: [sda] Mode Sense: 04 00 10 00
Oct  1 17:15:06 ubuntu-jammy kernel: [    1.806378] sd 2:0:1:0: [sdb] 20480 512-byte logical blocks: (10.5 MB/10.0 MiB)
Oct  1 17:15:06 ubuntu-jammy kernel: [    1.806403] sd 2:0:0:0: [sda] Incomplete mode parameter data
Oct  1 17:15:06 ubuntu-jammy kernel: [    1.809003] sd 2:0:0:0: [sda] Assuming drive cache: write through
Oct  1 17:15:06 ubuntu-jammy kernel: [    1.809044] sd 2:0:1:0: [sdb] Write Protect is off
Oct  1 17:15:06 ubuntu-jammy kernel: [    1.811109] sd 2:0:1:0: [sdb] Mode Sense: 04 00 10 00
Oct  1 17:15:06 ubuntu-jammy kernel: [    1.811511] sd 2:0:1:0: [sdb] Incomplete mode parameter data
Oct  1 17:15:06 ubuntu-jammy kernel: [    1.811701]  sda: sda1
Oct  1 17:15:06 ubuntu-jammy kernel: [    1.812619] sd 2:0:1:0: [sdb] Assuming drive cache: write through
Oct  1 17:15:06 ubuntu-jammy kernel: [    1.815549] sd 2:0:0:0: [sda] Attached SCSI disk
Oct  1 17:15:06 ubuntu-jammy kernel: [    1.822131] sd 2:0:1:0: [sdb] Attached SCSI disk
Oct  1 17:15:06 ubuntu-jammy kernel: [    1.830883] e1000 0000:00:08.0 eth1: (PCI:33MHz:32-bit) 08:00:27:c6:5c:fc
Oct  1 17:15:06 ubuntu-jammy kernel: [    1.832249] e1000 0000:00:08.0 eth1: Intel(R) PRO/1000 Network Connection
Oct  1 17:15:06 ubuntu-jammy kernel: [    1.835970] e1000 0000:00:03.0 enp0s3: renamed from eth0
Oct  1 17:15:06 ubuntu-jammy kernel: [    1.853193] e1000 0000:00:08.0 enp0s8: renamed from eth1
Oct  1 17:15:06 ubuntu-jammy kernel: [    2.077094] raid6: avx2x4   gen() 42834 MB/s
Oct  1 17:15:06 ubuntu-jammy kernel: [    2.144349] raid6: avx2x4   xor() 20815 MB/s
Oct  1 17:15:06 ubuntu-jammy kernel: [    2.212343] raid6: avx2x2   gen() 42482 MB/s
Oct  1 17:15:06 ubuntu-jammy kernel: [    2.281176] raid6: avx2x2   xor() 23590 MB/s
Oct  1 17:15:06 ubuntu-jammy kernel: [    2.349090] raid6: avx2x1   gen() 26321 MB/s
Oct  1 17:15:06 ubuntu-jammy kernel: [    2.416349] raid6: avx2x1   xor() 17745 MB/s
Oct  1 17:15:06 ubuntu-jammy kernel: [    2.485240] raid6: sse2x4   gen() 18027 MB/s
Oct  1 17:15:06 ubuntu-jammy kernel: [    2.553240] raid6: sse2x4   xor() 10697 MB/s
Oct  1 17:15:06 ubuntu-jammy kernel: [    2.620686] raid6: sse2x2   gen() 17360 MB/s
Oct  1 17:15:06 ubuntu-jammy kernel: [    2.689342] raid6: sse2x2   xor() 10993 MB/s
Oct  1 17:15:06 ubuntu-jammy kernel: [    2.756366] raid6: sse2x1   gen() 15374 MB/s
Oct  1 17:15:06 ubuntu-jammy kernel: [    2.824350] raid6: sse2x1   xor()  7659 MB/s
Oct  1 17:15:06 ubuntu-jammy kernel: [    2.825196] raid6: using algorithm avx2x4 gen() 42834 MB/s
Oct  1 17:15:06 ubuntu-jammy kernel: [    2.826208] raid6: .... xor() 20815 MB/s, rmw enabled
Oct  1 17:15:06 ubuntu-jammy kernel: [    2.827164] raid6: using avx2x2 recovery algorithm
Oct  1 17:15:06 ubuntu-jammy kernel: [    2.829147] xor: automatically using best checksumming function   avx       
Oct  1 17:15:06 ubuntu-jammy kernel: [    2.831622] async_tx: api initialized (async)
Oct  1 17:15:06 ubuntu-jammy kernel: [    2.889007] Btrfs loaded, crc32c=crc32c-intel, zoned=yes, fsverity=yes
Oct  1 17:15:06 ubuntu-jammy kernel: [    3.369427] EXT4-fs (sda1): mounted filesystem with ordered data mode. Opts: (null). Quota mode: none.
Oct  1 17:15:06 ubuntu-jammy kernel: [    3.585916] systemd[1]: Inserted module 'autofs4'
Oct  1 17:15:06 ubuntu-jammy kernel: [    3.604611] systemd[1]: systemd 249.11-0ubuntu3.22 running in system mode (+PAM +AUDIT +SELINUX +APPARMOR +IMA +SMACK +SECCOMP +GCRYPT +GNUTLS +OPENSSL +ACL +BLKID +CURL +ELFUTILS +FIDO2 +IDN2 -IDN +IPTC +KMOD +LIBCRYPTSETUP +LIBFDISK +PCRE2 -PWQUALITY -P11KIT -QRENCODE +BZIP2 +LZ4 +XZ +ZLIB +ZSTD -XKBCOMMON +UTMP +SYSVINIT default-hierarchy=unified)
Oct  1 17:15:06 ubuntu-jammy kernel: [    3.609940] systemd[1]: Detected virtualization oracle.
Oct  1 17:15:06 ubuntu-jammy kernel: [    3.611237] systemd[1]: Detected architecture x86-64.
Oct  1 17:15:06 ubuntu-jammy kernel: [    3.625805] systemd[1]: Hostname set to <ubuntu-jammy>.
Oct  1 17:15:06 ubuntu-jammy kernel: [    3.833618] systemd[1]: Configuration file /run/systemd/system/netplan-ovs-cleanup.service is marked world-inaccessible. This has no effect as configuration data is accessible via APIs without restrictions. Proceeding anyway.
Oct  1 17:15:06 ubuntu-jammy kernel: [    3.856770] systemd[1]: /lib/systemd/system/snapd.service:23: Unknown key name 'RestartMode' in section 'Service', ignoring.
Oct  1 17:15:06 ubuntu-jammy kernel: [    3.924569] systemd[1]: Queued start job for default target Graphical Interface.
Oct  1 17:15:06 ubuntu-jammy kernel: [    3.927576] systemd[1]: Created slice Slice /system/modprobe.
Oct  1 17:15:06 ubuntu-jammy kernel: [    3.929667] systemd[1]: Created slice Slice /system/serial-getty.
Oct  1 17:15:06 ubuntu-jammy kernel: [    3.931951] systemd[1]: Created slice User and Session Slice.
Oct  1 17:15:06 ubuntu-jammy kernel: [    3.945041] systemd[1]: Started Forward Password Requests to Wall Directory Watch.
Oct  1 17:15:06 ubuntu-jammy kernel: [    3.947225] systemd[1]: Set up automount Arbitrary Executable File Formats File System Automount Point.
Oct  1 17:15:06 ubuntu-jammy kernel: [    3.960736] systemd[1]: Reached target Slice Units.
Oct  1 17:15:06 ubuntu-jammy kernel: [    4.139424] systemd[1]: Reached target Mounting snaps.
Oct  1 17:15:06 ubuntu-jammy kernel: [    4.152988] systemd[1]: Reached target Swaps.
Oct  1 17:15:06 ubuntu-jammy kernel: [    4.164901] systemd[1]: Reached target Local Verity Protected Volumes.
Oct  1 17:15:06 ubuntu-jammy kernel: [    4.177871] systemd[1]: Listening on Device-mapper event daemon FIFOs.
Oct  1 17:15:06 ubuntu-jammy kernel: [    4.190597] systemd[1]: Listening on LVM2 poll daemon socket.
Oct  1 17:15:06 ubuntu-jammy kernel: [    4.204986] systemd[1]: Listening on multipathd control socket.
Oct  1 17:15:06 ubuntu-jammy kernel: [    4.207083] systemd[1]: Listening on Syslog Socket.
Oct  1 17:15:06 ubuntu-jammy kernel: [    4.220950] systemd[1]: Listening on fsck to fsckd communication Socket.
Oct  1 17:15:06 ubuntu-jammy kernel: [    4.233069] systemd[1]: Listening on initctl Compatibility Named Pipe.
Oct  1 17:15:06 ubuntu-jammy kernel: [    4.246071] systemd[1]: Listening on Journal Audit Socket.
Oct  1 17:15:06 ubuntu-jammy kernel: [    4.248190] systemd[1]: Listening on Journal Socket (/dev/log).
Oct  1 17:15:06 ubuntu-jammy kernel: [    4.250442] systemd[1]: Listening on Journal Socket.
Oct  1 17:15:06 ubuntu-jammy kernel: [    4.261098] systemd[1]: Listening on Network Service Netlink Socket.
Oct  1 17:15:06 ubuntu-jammy kernel: [    4.263354] systemd[1]: Listening on udev Control Socket.
Oct  1 17:15:06 ubuntu-jammy kernel: [    4.265525] systemd[1]: Listening on udev Kernel Socket.
Oct  1 17:15:06 ubuntu-jammy kernel: [    4.268086] systemd[1]: Mounting Huge Pages File System...
Oct  1 17:15:06 ubuntu-jammy kernel: [    4.281049] systemd[1]: Mounting POSIX Message Queue File System...
Oct  1 17:15:06 ubuntu-jammy kernel: [    4.283823] systemd[1]: Mounting Kernel Debug File System...
Oct  1 17:15:06 ubuntu-jammy kernel: [    4.297518] systemd[1]: Mounting Kernel Trace File System...
Oct  1 17:15:06 ubuntu-jammy kernel: [    4.300722] systemd[1]: Starting Journal Service...
Oct  1 17:15:06 ubuntu-jammy kernel: [    4.313510] systemd[1]: Starting Set the console keyboard layout...
Oct  1 17:15:06 ubuntu-jammy kernel: [    4.316868] systemd[1]: Starting Create List of Static Device Nodes...
Oct  1 17:15:06 ubuntu-jammy kernel: [    4.321244] systemd[1]: Starting Monitoring of LVM2 mirrors, snapshots etc. using dmeventd or progress polling...
Oct  1 17:15:06 ubuntu-jammy kernel: [    4.324501] systemd[1]: Condition check resulted in LXD - agent being skipped.
Oct  1 17:15:06 ubuntu-jammy kernel: [    4.327126] systemd[1]: Starting Load Kernel Module configfs...
Oct  1 17:15:06 ubuntu-jammy kernel: [    4.341627] systemd[1]: Starting Load Kernel Module drm...
Oct  1 17:15:06 ubuntu-jammy kernel: [    4.345259] systemd[1]: Starting Load Kernel Module efi_pstore...
Oct  1 17:15:06 ubuntu-jammy kernel: [    4.353169] systemd[1]: Starting Load Kernel Module fuse...
Oct  1 17:15:06 ubuntu-jammy kernel: [    4.365130] systemd[1]: Condition check resulted in OpenVSwitch configuration for cleanup being skipped.
Oct  1 17:15:06 ubuntu-jammy kernel: [    4.367118] systemd[1]: Condition check resulted in File System Check on Root Device being skipped.
Oct  1 17:15:06 ubuntu-jammy kernel: [    4.371337] systemd[1]: Starting Load Kernel Modules...
Oct  1 17:15:06 ubuntu-jammy kernel: [    4.385209] systemd[1]: Starting Remount Root and Kernel File Systems...
Oct  1 17:15:06 ubuntu-jammy kernel: [    4.387713] systemd[1]: Starting Coldplug All udev Devices...
Oct  1 17:15:06 ubuntu-jammy kernel: [    4.402026] systemd[1]: Started Journal Service.
Oct  1 17:15:06 ubuntu-jammy kernel: [    4.403995] EXT4-fs (sda1): re-mounted. Opts: discard,errors=remount-ro. Quota mode: none.
Oct  1 17:15:06 ubuntu-jammy kernel: [    4.526408] alua: device handler registered
Oct  1 17:15:06 ubuntu-jammy kernel: [    4.526607] systemd-journald[368]: Received client request to flush runtime journal.
Oct  1 17:15:06 ubuntu-jammy kernel: [    4.533177] emc: device handler registered
Oct  1 17:15:06 ubuntu-jammy kernel: [    4.537920] systemd-journald[368]: File /var/log/journal/3fbc49a0075a4f9ebc09a3ad859e9097/system.journal corrupted or uncleanly shut down, renaming and replacing.
Oct  1 17:15:06 ubuntu-jammy kernel: [    4.541610] rdac: device handler registered
Oct  1 17:15:06 ubuntu-jammy kernel: [    4.755158] loop0: detected capacity change from 0 to 151512
Oct  1 17:15:06 ubuntu-jammy kernel: [    4.764607] loop1: detected capacity change from 0 to 236152
Oct  1 17:15:06 ubuntu-jammy kernel: [    4.776680] loop2: detected capacity change from 0 to 102952
Oct  1 17:15:06 ubuntu-jammy kernel: [    4.903414] audit: type=1400 audit(1790874986.724:2): apparmor="STATUS" operation="profile_load" profile="unconfined" name="lsb_release" pid=441 comm="apparmor_parser"
Oct  1 17:15:06 ubuntu-jammy kernel: [    4.905717] audit: type=1400 audit(1790874986.728:3): apparmor="STATUS" operation="profile_load" profile="unconfined" name="nvidia_modprobe" pid=442 comm="apparmor_parser"
Oct  1 17:15:06 ubuntu-jammy kernel: [    4.905720] audit: type=1400 audit(1790874986.728:4): apparmor="STATUS" operation="profile_load" profile="unconfined" name="nvidia_modprobe//kmod" pid=442 comm="apparmor_parser"
Oct  1 17:15:06 ubuntu-jammy kernel: [    4.934175] audit: type=1400 audit(1790874986.756:5): apparmor="STATUS" operation="profile_load" profile="unconfined" name="ubuntu_pro_apt_news" pid=451 comm="apparmor_parser"
Oct  1 17:15:06 ubuntu-jammy kernel: [    4.944036] audit: type=1400 audit(1790874986.764:6): apparmor="STATUS" operation="profile_load" profile="unconfined" name="/usr/lib/NetworkManager/nm-dhcp-client.action" pid=450 comm="apparmor_parser"
Oct  1 17:15:06 ubuntu-jammy kernel: [    4.944040] audit: type=1400 audit(1790874986.764:7): apparmor="STATUS" operation="profile_load" profile="unconfined" name="/usr/lib/NetworkManager/nm-dhcp-helper" pid=450 comm="apparmor_parser"
Oct  1 17:15:06 ubuntu-jammy kernel: [    4.944042] audit: type=1400 audit(1790874986.764:8): apparmor="STATUS" operation="profile_load" profile="unconfined" name="/usr/lib/connman/scripts/dhclient-script" pid=450 comm="apparmor_parser"
Oct  1 17:15:06 ubuntu-jammy kernel: [    4.944044] audit: type=1400 audit(1790874986.764:9): apparmor="STATUS" operation="profile_load" profile="unconfined" name="/{,usr/}sbin/dhclient" pid=450 comm="apparmor_parser"
Oct  1 17:15:06 ubuntu-jammy kernel: [    4.978819] audit: type=1400 audit(1790874986.800:10): apparmor="STATUS" operation="profile_load" profile="unconfined" name="/usr/bin/man" pid=457 comm="apparmor_parser"
Oct  1 17:15:06 ubuntu-jammy kernel: [    5.216015] vboxguest: host-version: 7.0.16r162802 0x8000000f
Oct  1 17:15:06 ubuntu-jammy kernel: [    5.216830] vbg_heartbeat_init: Setting up heartbeat to trigger every 2000 milliseconds
Oct  1 17:15:06 ubuntu-jammy kernel: [    5.217381] input: VirtualBox mouse integration as /devices/pci0000:00/0000:00:04.0/input/input5
Oct  1 17:15:06 ubuntu-jammy kernel: [    5.218178] vboxguest: misc device minor 123, IRQ 20, I/O port d020, MMIO at 0x00000000f0400000 (size 0x0000000000400000)
Oct  1 17:15:06 ubuntu-jammy kernel: [    5.233125] ACPI: video: Video Device [GFX0] (multi-head: yes  rom: no  post: no)
Oct  1 17:15:06 ubuntu-jammy kernel: [    5.233192] input: Video Bus as /devices/LNXSYSTM:00/LNXSYBUS:00/PNP0A03:00/LNXVIDEO:00/input/input6
Oct  1 17:15:06 ubuntu-jammy kernel: [    5.364421] kauditd_printk_skb: 22 callbacks suppressed
Oct  1 17:15:06 ubuntu-jammy kernel: [    5.364423] audit: type=1400 audit(1790874987.188:33): apparmor="STATUS" operation="profile_load" profile="unconfined" name="snap.lxd.hook.remove" pid=508 comm="apparmor_parser"
Oct  1 17:15:06 ubuntu-jammy kernel: [    5.364779] audit: type=1400 audit(1790874987.188:34): apparmor="STATUS" operation="profile_load" profile="unconfined" name="snap.lxd.lxc" pid=510 comm="apparmor_parser"
Oct  1 17:15:06 ubuntu-jammy kernel: [    5.382779] audit: type=1400 audit(1790874987.204:35): apparmor="STATUS" operation="profile_load" profile="unconfined" name="snap.lxd.lxc-to-lxd" pid=516 comm="apparmor_parser"
Oct  1 17:15:06 ubuntu-jammy kernel: [    5.400224] audit: type=1400 audit(1790874987.220:36): apparmor="STATUS" operation="profile_load" profile="unconfined" name="snap.lxd.lxd" pid=517 comm="apparmor_parser"
Oct  1 17:15:06 ubuntu-jammy kernel: [    5.407478] audit: type=1400 audit(1790874987.228:37): apparmor="STATUS" operation="profile_load" profile="unconfined" name="snap.lxd.migrate" pid=526 comm="apparmor_parser"
Oct  1 17:15:06 ubuntu-jammy kernel: [    5.441705] audit: type=1400 audit(1790874987.264:38): apparmor="STATUS" operation="profile_load" profile="unconfined" name="snap.lxd.user-daemon" pid=534 comm="apparmor_parser"
Oct  1 17:15:06 ubuntu-jammy kernel: [    6.161383] ISO 9660 Extensions: Microsoft Joliet Level 3
Oct  1 17:15:06 ubuntu-jammy kernel: [    6.161596] ISO 9660 Extensions: RRIP_1991A
Oct  1 17:15:06 ubuntu-jammy kernel: [    6.397626] e1000: enp0s8 NIC Link is Up 1000 Mbps Full Duplex, Flow Control: RX
Oct  1 17:15:06 ubuntu-jammy kernel: [    6.397941] IPv6: ADDRCONF(NETDEV_CHANGE): enp0s8: link becomes ready
Oct  1 17:15:06 ubuntu-jammy kernel: [    6.405964] e1000: enp0s3 NIC Link is Up 1000 Mbps Full Duplex, Flow Control: RX
Oct  1 17:15:06 ubuntu-jammy kernel: [    6.406037] IPv6: ADDRCONF(NETDEV_CHANGE): enp0s3: link becomes ready
Oct  1 17:15:06 ubuntu-jammy kernel: [   22.215796] loop3: detected capacity change from 0 to 8
Oct  1 17:15:07 ubuntu-jammy kernel: [   22.911058] audit: type=1400 audit(1790874907.621:39): apparmor="STATUS" operation="profile_replace" info="same as current profile, skipping" profile="unconfined" name="/usr/lib/snapd/snap-confine" pid=853 comm="apparmor_parser"
Oct  1 17:15:46 ubuntu-jammy kernel: [    0.002953]   Device   empty
Oct  1 17:15:46 ubuntu-jammy kernel: [    0.000000] Linux version 5.15.0-191-generic (buildd@lcy02-amd64-042) (gcc (Ubuntu 11.4.0-1ubuntu1~22.04.3) 11.4.0, GNU ld (GNU Binutils for Ubuntu) 2.38) #201-Ubuntu SMP Fri Aug 7 18:39:04 UTC 2026 (Ubuntu 5.15.0-191.201-generic 5.15.209)
Oct  1 17:15:46 ubuntu-jammy kernel: [    0.002954] Movable zone start for each node
Oct  1 17:15:46 ubuntu-jammy kernel: [    0.000000] Command line: BOOT_IMAGE=/boot/vmlinuz-5.15.0-191-generic root=UUID=4f096d6a-4d01-44e7-839c-7bf5ce7f6a01 ro console=tty1 console=ttyS0
Oct  1 17:15:46 ubuntu-jammy kernel: [    0.000000] KERNEL supported cpus:
Oct  1 17:15:46 ubuntu-jammy kernel: [    0.000000]   Intel GenuineIntel
Oct  1 17:15:46 ubuntu-jammy kernel: [    0.000000]   AMD AuthenticAMD
Oct  1 17:15:46 ubuntu-jammy kernel: [    0.000000]   Hygon HygonGenuine
Oct  1 17:15:46 ubuntu-jammy kernel: [    0.000000]   Centaur CentaurHauls
Oct  1 17:15:46 ubuntu-jammy kernel: [    0.000000]   zhaoxin   Shanghai  
Oct  1 17:15:46 ubuntu-jammy kernel: [    0.002957] Early memory node ranges
Oct  1 17:15:46 ubuntu-jammy kernel: [    0.000000] BIOS-provided physical RAM map:
Oct  1 17:15:46 ubuntu-jammy kernel: [    0.000000] BIOS-e820: [mem 0x0000000000000000-0x000000000009fbff] usable
Oct  1 17:15:46 ubuntu-jammy kernel: [    0.000000] BIOS-e820: [mem 0x000000000009fc00-0x000000000009ffff] reserved
Oct  1 17:15:46 ubuntu-jammy kernel: [    0.000000] BIOS-e820: [mem 0x00000000000f0000-0x00000000000fffff] reserved
Oct  1 17:15:46 ubuntu-jammy kernel: [    0.000000] BIOS-e820: [mem 0x0000000000100000-0x000000003ffeffff] usable
Oct  1 17:15:46 ubuntu-jammy kernel: [    0.000000] BIOS-e820: [mem 0x000000003fff0000-0x000000003fffffff] ACPI data
Oct  1 17:15:46 ubuntu-jammy kernel: [    0.000000] BIOS-e820: [mem 0x00000000fec00000-0x00000000fec00fff] reserved
Oct  1 17:15:46 ubuntu-jammy kernel: [    0.000000] BIOS-e820: [mem 0x00000000fee00000-0x00000000fee00fff] reserved
Oct  1 17:15:46 ubuntu-jammy kernel: [    0.002958]   node   0: [mem 0x0000000000001000-0x000000000009efff]
Oct  1 17:15:46 ubuntu-jammy kernel: [    0.000000] BIOS-e820: [mem 0x00000000fffc0000-0x00000000ffffffff] reserved
Oct  1 17:15:46 ubuntu-jammy kernel: [    0.000000] NX (Execute Disable) protection: active
Oct  1 17:15:46 ubuntu-jammy kernel: [    0.000000] SMBIOS 2.5 present.
Oct  1 17:15:46 ubuntu-jammy kernel: [    0.000000] DMI: innotek GmbH VirtualBox/VirtualBox, BIOS VirtualBox 12/01/2006
Oct  1 17:15:46 ubuntu-jammy kernel: [    0.000000] Hypervisor detected: KVM
Oct  1 17:15:46 ubuntu-jammy kernel: [    0.000000] kvm-clock: Using msrs 4b564d01 and 4b564d00
Oct  1 17:15:46 ubuntu-jammy kernel: [    0.000000] kvm-clock: cpu 0, msr 16c01001, primary cpu clock
Oct  1 17:15:46 ubuntu-jammy kernel: [    0.002960]   node   0: [mem 0x0000000000100000-0x000000003ffeffff]
Oct  1 17:15:46 ubuntu-jammy kernel: [    0.000001] kvm-clock: using sched offset of 3955189620 cycles
Oct  1 17:15:46 ubuntu-jammy kernel: [    0.000004] clocksource: kvm-clock: mask: 0xffffffffffffffff max_cycles: 0x1cd42e4dffb, max_idle_ns: 881590591483 ns
Oct  1 17:15:46 ubuntu-jammy kernel: [    0.000007] tsc: Detected 2399.998 MHz processor
Oct  1 17:15:46 ubuntu-jammy kernel: [    0.002041] e820: update [mem 0x00000000-0x00000fff] usable ==> reserved
Oct  1 17:15:46 ubuntu-jammy kernel: [    0.002046] e820: remove [mem 0x000a0000-0x000fffff] usable
Oct  1 17:15:46 ubuntu-jammy kernel: [    0.002052] last_pfn = 0x3fff0 max_arch_pfn = 0x400000000
Oct  1 17:15:46 ubuntu-jammy kernel: [    0.002060] Disabled
Oct  1 17:15:46 ubuntu-jammy kernel: [    0.002962] Initmem setup node 0 [mem 0x0000000000001000-0x000000003ffeffff]
Oct  1 17:15:46 ubuntu-jammy kernel: [    0.002061] x86/PAT: MTRRs disabled, skipping PAT initialization too.
Oct  1 17:15:46 ubuntu-jammy kernel: [    0.002064] CPU MTRRs all blank - virtualized system.
Oct  1 17:15:46 ubuntu-jammy kernel: [    0.002066] x86/PAT: Configuration [0-7]: WB  WT  UC- UC  WB  WT  UC- UC  
Oct  1 17:15:46 ubuntu-jammy kernel: [    0.002108] found SMP MP-table at [mem 0x0009fff0-0x0009ffff]
Oct  1 17:15:46 ubuntu-jammy kernel: [    0.002287] RAMDISK: [mem 0x33f7d000-0x35fb5fff]
Oct  1 17:15:46 ubuntu-jammy kernel: [    0.002290] ACPI: Early table checksum verification disabled
Oct  1 17:15:46 ubuntu-jammy kernel: [    0.002293] ACPI: RSDP 0x00000000000E0000 000024 (v02 VBOX  )
Oct  1 17:15:46 ubuntu-jammy kernel: [    0.002298] ACPI: XSDT 0x000000003FFF0030 00003C (v01 VBOX   VBOXXSDT 00000001 ASL  00000061)
Oct  1 17:15:46 ubuntu-jammy kernel: [    0.002966] On node 0, zone DMA: 1 pages in unavailable ranges
Oct  1 17:15:46 ubuntu-jammy kernel: [    0.002304] ACPI: FACP 0x000000003FFF00F0 0000F4 (v04 VBOX   VBOXFACP 00000001 ASL  00000061)
Oct  1 17:15:46 ubuntu-jammy kernel: [    0.002310] ACPI: DSDT 0x000000003FFF0610 002353 (v02 VBOX   VBOXBIOS 00000002 INTL 20100528)
Oct  1 17:15:46 ubuntu-jammy kernel: [    0.002314] ACPI: FACS 0x000000003FFF0200 000040
Oct  1 17:15:46 ubuntu-jammy kernel: [    0.002318] ACPI: FACS 0x000000003FFF0200 000040
Oct  1 17:15:46 ubuntu-jammy kernel: [    0.002321] ACPI: APIC 0x000000003FFF0240 00005C (v02 VBOX   VBOXAPIC 00000001 ASL  00000061)
Oct  1 17:15:46 ubuntu-jammy kernel: [    0.002325] ACPI: SSDT 0x000000003FFF02A0 00036C (v01 VBOX   VBOXCPUT 00000002 INTL 20100528)
Oct  1 17:15:46 ubuntu-jammy kernel: [    0.002329] ACPI: Reserving FACP table memory at [mem 0x3fff00f0-0x3fff01e3]
Oct  1 17:15:46 ubuntu-jammy kernel: [    0.002330] ACPI: Reserving DSDT table memory at [mem 0x3fff0610-0x3fff2962]
Oct  1 17:15:46 ubuntu-jammy kernel: [    0.002332] ACPI: Reserving FACS table memory at [mem 0x3fff0200-0x3fff023f]
Oct  1 17:15:46 ubuntu-jammy kernel: [    0.002333] ACPI: Reserving FACS table memory at [mem 0x3fff0200-0x3fff023f]
Oct  1 17:15:46 ubuntu-jammy kernel: [    0.002334] ACPI: Reserving APIC table memory at [mem 0x3fff0240-0x3fff029b]
Oct  1 17:15:46 ubuntu-jammy kernel: [    0.002336] ACPI: Reserving SSDT table memory at [mem 0x3fff02a0-0x3fff060b]
Oct  1 17:15:46 ubuntu-jammy kernel: [    0.002540] No NUMA configuration found
Oct  1 17:15:46 ubuntu-jammy kernel: [    0.002542] Faking a node at [mem 0x0000000000000000-0x000000003ffeffff]
Oct  1 17:15:46 ubuntu-jammy kernel: [    0.002550] NODE_DATA(0) allocated [mem 0x3ffc6000-0x3ffeffff]
Oct  1 17:15:46 ubuntu-jammy kernel: [    0.002945] Zone ranges:
Oct  1 17:15:46 ubuntu-jammy kernel: [    0.002946]   DMA      [mem 0x0000000000001000-0x0000000000ffffff]
Oct  1 17:15:46 ubuntu-jammy kernel: [    0.002949]   DMA32    [mem 0x0000000001000000-0x000000003ffeffff]
Oct  1 17:15:46 ubuntu-jammy kernel: [    0.002995] On node 0, zone DMA: 97 pages in unavailable ranges
Oct  1 17:15:46 ubuntu-jammy kernel: [    0.002951]   Normal   empty
Oct  1 17:15:46 ubuntu-jammy kernel: [    0.004681] On node 0, zone DMA32: 16 pages in unavailable ranges
Oct  1 17:15:46 ubuntu-jammy kernel: [    0.005083] ACPI: PM-Timer IO Port: 0x4008
Oct  1 17:15:46 ubuntu-jammy kernel: [    0.005131] IOAPIC[0]: apic_id 2, version 32, address 0xfec00000, GSI 0-23
Oct  1 17:15:46 ubuntu-jammy kernel: [    0.005134] ACPI: INT_SRC_OVR (bus 0 bus_irq 0 global_irq 2 dfl dfl)
Oct  1 17:15:46 ubuntu-jammy kernel: [    0.005136] ACPI: INT_SRC_OVR (bus 0 bus_irq 9 global_irq 9 low level)
Oct  1 17:15:46 ubuntu-jammy kernel: [    0.005140] ACPI: Using ACPI (MADT) for SMP configuration information
Oct  1 17:15:46 ubuntu-jammy kernel: [    0.005145] smpboot: Allowing 2 CPUs, 0 hotplug CPUs
Oct  1 17:15:46 ubuntu-jammy kernel: [    0.005159] PM: hibernation: Registered nosave memory: [mem 0x00000000-0x00000fff]
Oct  1 17:15:46 ubuntu-jammy kernel: [    0.005162] PM: hibernation: Registered nosave memory: [mem 0x0009f000-0x000fffff]
Oct  1 17:15:46 ubuntu-jammy kernel: [    0.005164] [mem 0x40000000-0xfebfffff] available for PCI devices
Oct  1 17:15:46 ubuntu-jammy kernel: [    0.005165] Booting paravirtualized kernel on KVM
Oct  1 17:15:46 ubuntu-jammy kernel: [    0.005167] clocksource: refined-jiffies: mask: 0xffffffff max_cycles: 0xffffffff, max_idle_ns: 7645519600211568 ns
Oct  1 17:15:46 ubuntu-jammy kernel: [    0.005172] setup_percpu: NR_CPUS:8192 nr_cpumask_bits:2 nr_cpu_ids:2 nr_node_ids:1
Oct  1 17:15:46 ubuntu-jammy kernel: [    0.005254] percpu: Embedded 62 pages/cpu s217088 r8192 d28672 u1048576
Oct  1 17:15:46 ubuntu-jammy kernel: [    0.005259] pcpu-alloc: s217088 r8192 d28672 u1048576 alloc=1*2097152
Oct  1 17:15:46 ubuntu-jammy kernel: [    0.005261] pcpu-alloc: [0] 0 1 
Oct  1 17:15:46 ubuntu-jammy kernel: [    0.005281] kvm-guest: PV spinlocks enabled
Oct  1 17:15:46 ubuntu-jammy kernel: [    0.005284] PV qspinlock hash table entries: 256 (order: 0, 4096 bytes, linear)
Oct  1 17:15:46 ubuntu-jammy kernel: [    0.005290] Built 1 zonelists, mobility grouping on.  Total pages: 257776
Oct  1 17:15:46 ubuntu-jammy kernel: [    0.005292] Policy zone: DMA32
Oct  1 17:15:46 ubuntu-jammy kernel: [    0.005294] Kernel command line: BOOT_IMAGE=/boot/vmlinuz-5.15.0-191-generic root=UUID=4f096d6a-4d01-44e7-839c-7bf5ce7f6a01 ro console=tty1 console=ttyS0
Oct  1 17:15:46 ubuntu-jammy kernel: [    0.005369] Dentry cache hash table entries: 131072 (order: 8, 1048576 bytes, linear)
Oct  1 17:15:46 ubuntu-jammy kernel: [    0.005387] Inode-cache hash table entries: 65536 (order: 7, 524288 bytes, linear)
Oct  1 17:15:46 ubuntu-jammy kernel: [    0.005424] mem auto-init: stack:off, heap alloc:on, heap free:off
Oct  1 17:15:46 ubuntu-jammy kernel: [    0.007229] Memory: 938168K/1048120K available (16393K kernel code, 4402K rwdata, 11004K rodata, 3292K init, 18768K bss, 109692K reserved, 0K cma-reserved)
Oct  1 17:15:46 ubuntu-jammy kernel: [    0.008113] SLUB: HWalign=64, Order=0-3, MinObjects=0, CPUs=2, Nodes=1
Oct  1 17:15:46 ubuntu-jammy kernel: [    0.008148] Kernel/User page tables isolation: enabled
Oct  1 17:15:46 ubuntu-jammy kernel: [    0.008195] ftrace: allocating 50910 entries in 199 pages
Oct  1 17:15:46 ubuntu-jammy kernel: [    0.032217] ftrace: allocated 199 pages with 5 groups
Oct  1 17:15:46 ubuntu-jammy kernel: [    0.032352] rcu: Hierarchical RCU implementation.
Oct  1 17:15:46 ubuntu-jammy kernel: [    0.032354] rcu: #011RCU restricting CPUs from NR_CPUS=8192 to nr_cpu_ids=2.
Oct  1 17:15:46 ubuntu-jammy kernel: [    0.032355] #011Rude variant of Tasks RCU enabled.
Oct  1 17:15:46 ubuntu-jammy kernel: [    0.032356] #011Tracing variant of Tasks RCU enabled.
Oct  1 17:15:46 ubuntu-jammy kernel: [    0.032357] rcu: RCU calculated value of scheduler-enlistment delay is 25 jiffies.
Oct  1 17:15:46 ubuntu-jammy kernel: [    0.032358] rcu: Adjusting geometry for rcu_fanout_leaf=16, nr_cpu_ids=2
Oct  1 17:15:46 ubuntu-jammy kernel: [    0.037774] NR_IRQS: 524544, nr_irqs: 440, preallocated irqs: 16
Oct  1 17:15:46 ubuntu-jammy kernel: [    0.038121] random: crng init done
Oct  1 17:15:46 ubuntu-jammy kernel: [    0.047360] Console: colour VGA+ 80x25
Oct  1 17:15:46 ubuntu-jammy kernel: [    0.073243] printk: console [tty1] enabled
Oct  1 17:15:46 ubuntu-jammy kernel: [    0.145366] printk: console [ttyS0] enabled
Oct  1 17:15:46 ubuntu-jammy kernel: [    0.146088] ACPI: Core revision 20210730
Oct  1 17:15:46 ubuntu-jammy kernel: [    0.146872] APIC: Switch to symmetric I/O mode setup
Oct  1 17:15:46 ubuntu-jammy kernel: [    0.147927] x2apic enabled
Oct  1 17:15:46 ubuntu-jammy kernel: [    0.148642] Switched APIC routing to physical x2apic.
Oct  1 17:15:46 ubuntu-jammy kernel: [    0.150496] ..TIMER: vector=0x30 apic1=0 pin1=2 apic2=-1 pin2=-1
Oct  1 17:15:46 ubuntu-jammy kernel: [    0.151499] clocksource: tsc-early: mask: 0xffffffffffffffff max_cycles: 0x229835b7123, max_idle_ns: 440795242976 ns
Oct  1 17:15:46 ubuntu-jammy kernel: [    0.153195] Calibrating delay loop (skipped) preset value.. 4799.99 BogoMIPS (lpj=9599992)
Oct  1 17:15:46 ubuntu-jammy kernel: [    0.154640] Last level iTLB entries: 4KB 64, 2MB 8, 4MB 8
Oct  1 17:15:46 ubuntu-jammy kernel: [    0.429510] pci 0000:00:01.1: [8086:7111] type 00 class 0x01018a
Oct  1 17:15:46 ubuntu-jammy kernel: [    0.430850] pci 0000:00:01.1: reg 0x20: [io  0xd000-0xd00f]
Oct  1 17:15:46 ubuntu-jammy kernel: [    0.431824] pci 0000:00:01.1: legacy IDE quirk: reg 0x10: [io  0x01f0-0x01f7]
Oct  1 17:15:46 ubuntu-jammy kernel: [    0.433192] pci 0000:00:01.1: legacy IDE quirk: reg 0x14: [io  0x03f6]
Oct  1 17:15:46 ubuntu-jammy kernel: [    0.433194] pci 0000:00:01.1: legacy IDE quirk: reg 0x18: [io  0x0170-0x0177]
Oct  1 17:15:46 ubuntu-jammy kernel: [    0.434356] pci 0000:00:01.1: legacy IDE quirk: reg 0x1c: [io  0x0376]
Oct  1 17:15:46 ubuntu-jammy kernel: [    0.437411] pci 0000:00:02.0: [80ee:beef] type 00 class 0x030000
Oct  1 17:15:46 ubuntu-jammy kernel: [    0.439702] pci 0000:00:02.0: reg 0x10: [mem 0xe0000000-0xe0ffffff pref]
Oct  1 17:15:46 ubuntu-jammy kernel: [    0.441290] pci 0000:00:02.0: Video device with shadowed ROM at [mem 0x000c0000-0x000dffff]
Oct  1 17:15:46 ubuntu-jammy kernel: [    0.443587] pci 0000:00:03.0: [8086:100e] type 00 class 0x020000
Oct  1 17:15:46 ubuntu-jammy kernel: [    0.445350] pci 0000:00:03.0: reg 0x10: [mem 0xf0000000-0xf001ffff]
Oct  1 17:15:46 ubuntu-jammy kernel: [    0.446409] pci 0000:00:03.0: reg 0x18: [io  0xd010-0xd017]
Oct  1 17:15:46 ubuntu-jammy kernel: [    0.448184] pci 0000:00:04.0: [80ee:cafe] type 00 class 0x088000
Oct  1 17:15:46 ubuntu-jammy kernel: [    0.450887] pci 0000:00:04.0: reg 0x10: [io  0xd020-0xd03f]
Oct  1 17:15:46 ubuntu-jammy kernel: [    0.452144] pci 0000:00:04.0: reg 0x14: [mem 0xf0400000-0xf07fffff]
Oct  1 17:15:46 ubuntu-jammy kernel: [    0.453206] pci 0000:00:04.0: reg 0x18: [mem 0xf0800000-0xf0803fff pref]
Oct  1 17:15:46 ubuntu-jammy kernel: [    0.455011] pci 0000:00:05.0: [8086:2415] type 00 class 0x040100
Oct  1 17:15:46 ubuntu-jammy kernel: [    0.457528] pci 0000:00:05.0: reg 0x10: [io  0xd100-0xd1ff]
Oct  1 17:15:46 ubuntu-jammy kernel: [    0.458504] pci 0000:00:05.0: reg 0x14: [io  0xd200-0xd23f]
Oct  1 17:15:46 ubuntu-jammy kernel: [    0.460583] pci 0000:00:07.0: [8086:7113] type 00 class 0x068000
Oct  1 17:15:46 ubuntu-jammy kernel: [    0.461593] pci 0000:00:07.0: quirk: [io  0x4000-0x403f] claimed by PIIX4 ACPI
Oct  1 17:15:46 ubuntu-jammy kernel: [    0.463116] pci 0000:00:07.0: quirk: [io  0x4100-0x410f] claimed by PIIX4 SMB
Oct  1 17:15:46 ubuntu-jammy kernel: [    0.465369] pci 0000:00:08.0: [8086:100e] type 00 class 0x020000
Oct  1 17:15:46 ubuntu-jammy kernel: [    0.466996] pci 0000:00:08.0: reg 0x10: [mem 0xf0820000-0xf083ffff]
Oct  1 17:15:46 ubuntu-jammy kernel: [    0.468024] pci 0000:00:08.0: reg 0x18: [io  0xd240-0xd247]
Oct  1 17:15:46 ubuntu-jammy kernel: [    0.472893] pci 0000:00:14.0: [1000:0030] type 00 class 0x010000
Oct  1 17:15:46 ubuntu-jammy kernel: [    0.473816] pci 0000:00:14.0: reg 0x10: [io  0xd300-0xd3ff]
Oct  1 17:15:46 ubuntu-jammy kernel: [    0.474772] pci 0000:00:14.0: reg 0x14: [mem 0xf0840000-0xf085ffff]
Oct  1 17:15:46 ubuntu-jammy kernel: [    0.475810] pci 0000:00:14.0: reg 0x18: [mem 0xf0860000-0xf087ffff]
Oct  1 17:15:46 ubuntu-jammy kernel: [    0.482981] ACPI: PCI: Interrupt link LNKA configured for IRQ 11
Oct  1 17:15:46 ubuntu-jammy kernel: [    0.484518] ACPI: PCI: Interrupt link LNKB configured for IRQ 10
Oct  1 17:15:46 ubuntu-jammy kernel: [    0.485297] ACPI: PCI: Interrupt link LNKC configured for IRQ 9
Oct  1 17:15:46 ubuntu-jammy kernel: [    0.486518] ACPI: PCI: Interrupt link LNKD configured for IRQ 11
Oct  1 17:15:46 ubuntu-jammy kernel: [    0.487657] iommu: Default domain type: Translated 
Oct  1 17:15:46 ubuntu-jammy kernel: [    0.489198] iommu: DMA domain TLB invalidation policy: lazy mode 
Oct  1 17:15:46 ubuntu-jammy kernel: [    0.490791] SCSI subsystem initialized
Oct  1 17:15:46 ubuntu-jammy kernel: [    0.491499] libata version 3.00 loaded.
Oct  1 17:15:46 ubuntu-jammy kernel: [    0.491499] pci 0000:00:02.0: vgaarb: setting as boot VGA device
Oct  1 17:15:46 ubuntu-jammy kernel: [    0.491499] pci 0000:00:02.0: vgaarb: VGA device added: decodes=io+mem,owns=io+mem,locks=none
Oct  1 17:15:46 ubuntu-jammy kernel: [    0.493197] pci 0000:00:02.0: vgaarb: bridge control possible
Oct  1 17:15:46 ubuntu-jammy kernel: [    0.494185] vgaarb: loaded
Oct  1 17:15:46 ubuntu-jammy kernel: [    0.494716] ACPI: bus type USB registered
Oct  1 17:15:46 ubuntu-jammy kernel: [    0.495760] usbcore: registered new interface driver usbfs
Oct  1 17:15:46 ubuntu-jammy kernel: [    0.497200] usbcore: registered new interface driver hub
Oct  1 17:15:46 ubuntu-jammy kernel: [    0.498098] usbcore: registered new device driver usb
Oct  1 17:15:46 ubuntu-jammy kernel: [    0.498974] pps_core: LinuxPPS API ver. 1 registered
Oct  1 17:15:46 ubuntu-jammy kernel: [    0.500104] pps_core: Software ver. 5.3.6 - Copyright 2005-2007 Rodolfo Giometti <giometti@linux.it>
Oct  1 17:15:46 ubuntu-jammy kernel: [    0.501196] PTP clock support registered
Oct  1 17:15:46 ubuntu-jammy kernel: [    0.502216] EDAC MC: Ver: 3.0.0
Oct  1 17:15:46 ubuntu-jammy kernel: [    0.502216] NetLabel: Initializing
Oct  1 17:15:46 ubuntu-jammy kernel: [    0.502216] NetLabel:  domain hash size = 128
Oct  1 17:15:46 ubuntu-jammy kernel: [    0.505198] NetLabel:  protocols = UNLABELED CIPSOv4 CALIPSO
Oct  1 17:15:46 ubuntu-jammy kernel: [    0.506248] NetLabel:  unlabeled traffic allowed by default
Oct  1 17:15:46 ubuntu-jammy kernel: [    0.507199] PCI: Using ACPI for IRQ routing
Oct  1 17:15:46 ubuntu-jammy kernel: [    0.507199] PCI: pci_cache_line_size set to 64 bytes
Oct  1 17:15:46 ubuntu-jammy kernel: [    0.507199] e820: reserve RAM buffer [mem 0x0009fc00-0x0009ffff]
Oct  1 17:15:46 ubuntu-jammy kernel: [    0.507199] e820: reserve RAM buffer [mem 0x3fff0000-0x3fffffff]
Oct  1 17:15:46 ubuntu-jammy kernel: [    0.507199] clocksource: Switched to clocksource kvm-clock
Oct  1 17:15:46 ubuntu-jammy kernel: [    0.520610] VFS: Disk quotas dquot_6.6.0
Oct  1 17:15:46 ubuntu-jammy kernel: [    0.521327] VFS: Dquot-cache hash table entries: 512 (order 0, 4096 bytes)
Oct  1 17:15:46 ubuntu-jammy kernel: [    0.522558] AppArmor: AppArmor Filesystem Enabled
Oct  1 17:15:46 ubuntu-jammy kernel: [    0.523448] pnp: PnP ACPI init
Oct  1 17:15:46 ubuntu-jammy kernel: [    0.525020] pnp: PnP ACPI: found 3 devices
Oct  1 17:15:46 ubuntu-jammy kernel: [    0.532601] clocksource: acpi_pm: mask: 0xffffff max_cycles: 0xffffff, max_idle_ns: 2085701024 ns
Oct  1 17:15:46 ubuntu-jammy kernel: [    0.534090] NET: Registered PF_INET protocol family
Oct  1 17:15:46 ubuntu-jammy kernel: [    0.534929] IP idents hash table entries: 16384 (order: 5, 131072 bytes, linear)
Oct  1 17:15:46 ubuntu-jammy kernel: [    0.536785] tcp_listen_portaddr_hash hash table entries: 512 (order: 1, 8192 bytes, linear)
Oct  1 17:15:46 ubuntu-jammy kernel: [    0.538562] Table-perturb hash table entries: 65536 (order: 6, 262144 bytes, linear)
Oct  1 17:15:46 ubuntu-jammy kernel: [    0.540095] TCP established hash table entries: 8192 (order: 4, 65536 bytes, linear)
Oct  1 17:15:46 ubuntu-jammy kernel: [    0.541434] TCP bind hash table entries: 8192 (order: 5, 131072 bytes, linear)
Oct  1 17:15:46 ubuntu-jammy kernel: [    0.542794] TCP: Hash tables configured (established 8192 bind 8192)
Oct  1 17:15:46 ubuntu-jammy kernel: [    0.543934] MPTCP token hash table entries: 1024 (order: 3, 24576 bytes, linear)
Oct  1 17:15:46 ubuntu-jammy kernel: [    0.545217] UDP hash table entries: 512 (order: 2, 16384 bytes, linear)
Oct  1 17:15:46 ubuntu-jammy kernel: [    0.546601] UDP-Lite hash table entries: 512 (order: 2, 16384 bytes, linear)
Oct  1 17:15:46 ubuntu-jammy kernel: [    0.547823] NET: Registered PF_UNIX/PF_LOCAL protocol family
Oct  1 17:15:46 ubuntu-jammy kernel: [    0.548749] NET: Registered PF_XDP protocol family
Oct  1 17:15:46 ubuntu-jammy kernel: [    0.549843] pci_bus 0000:00: resource 4 [io  0x0000-0x0cf7 window]
Oct  1 17:15:46 ubuntu-jammy kernel: [    0.550835] pci_bus 0000:00: resource 5 [io  0x0d00-0xffff window]
Oct  1 17:15:46 ubuntu-jammy kernel: [    0.552006] pci_bus 0000:00: resource 6 [mem 0x000a0000-0x000bffff window]
Oct  1 17:15:46 ubuntu-jammy kernel: [    0.553129] pci_bus 0000:00: resource 7 [mem 0x40000000-0xfdffffff window]
Oct  1 17:15:46 ubuntu-jammy kernel: [    0.554272] pci 0000:00:00.0: Limiting direct PCI/PCI transfers
Oct  1 17:15:46 ubuntu-jammy kernel: [    0.555249] pci 0000:00:01.0: Activating ISA DMA hang workarounds
Oct  1 17:15:46 ubuntu-jammy kernel: [    0.556642] PCI: CLS 0 bytes, default 64
Oct  1 17:15:46 ubuntu-jammy kernel: [    0.557401] Trying to unpack rootfs image as initramfs...
Oct  1 17:15:46 ubuntu-jammy kernel: [    0.564260] clocksource: tsc: mask: 0xffffffffffffffff max_cycles: 0x229835b7123, max_idle_ns: 440795242976 ns
Oct  1 17:15:46 ubuntu-jammy kernel: [    0.567966] clocksource: Switched to clocksource tsc
Oct  1 17:15:46 ubuntu-jammy kernel: [    0.568831] platform rtc_cmos: registered platform RTC device (no PNP device found)
Oct  1 17:15:46 ubuntu-jammy kernel: [    0.570659] Initialise system trusted keyrings
Oct  1 17:15:46 ubuntu-jammy kernel: [    0.571451] Key type blacklist registered
Oct  1 17:15:46 ubuntu-jammy kernel: [    0.572208] workingset: timestamp_bits=36 max_order=18 bucket_order=0
Oct  1 17:15:46 ubuntu-jammy kernel: [    0.574482] zbud: loaded
Oct  1 17:15:46 ubuntu-jammy kernel: [    0.575180] squashfs: version 4.0 (2009/01/31) Phillip Lougher
Oct  1 17:15:46 ubuntu-jammy kernel: [    0.580535] fuse: init (API version 7.34)
Oct  1 17:15:46 ubuntu-jammy kernel: [    0.581568] integrity: Platform Keyring initialized
Oct  1 17:15:46 ubuntu-jammy kernel: [    0.588963] Key type asymmetric registered
Oct  1 17:15:46 ubuntu-jammy kernel: [    0.590272] Asymmetric key parser 'x509' registered
Oct  1 17:15:46 ubuntu-jammy kernel: [    0.591667] Block layer SCSI generic (bsg) driver version 0.4 loaded (major 243)
Oct  1 17:15:46 ubuntu-jammy kernel: [    0.593893] io scheduler mq-deadline registered
Oct  1 17:15:46 ubuntu-jammy kernel: [    0.595232] shpchp: Standard Hot Plug PCI Controller Driver version: 0.4
Oct  1 17:15:46 ubuntu-jammy kernel: [    0.597155] ACPI: AC: AC Adapter [AC] (on-line)
Oct  1 17:15:46 ubuntu-jammy kernel: [    0.598175] input: Power Button as /devices/LNXSYSTM:00/LNXPWRBN:00/input/input0
Oct  1 17:15:46 ubuntu-jammy kernel: [    0.600207] ACPI: button: Power Button [PWRF]
Oct  1 17:15:46 ubuntu-jammy kernel: [    0.601107] input: Sleep Button as /devices/LNXSYSTM:00/LNXSLPBN:00/input/input1
Oct  1 17:15:46 ubuntu-jammy kernel: [    0.602401] ACPI: button: Sleep Button [SLPF]
Oct  1 17:15:46 ubuntu-jammy kernel: [    0.603489] Serial: 8250/16550 driver, 32 ports, IRQ sharing enabled
Oct  1 17:15:46 ubuntu-jammy kernel: [    0.625833] ACPI: battery: Slot [BAT0] (battery present)
Oct  1 17:15:46 ubuntu-jammy kernel: [    0.627179] 00:02: ttyS0 at I/O 0x3f8 (irq = 4, base_baud = 115200) is a 16550A
Oct  1 17:15:46 ubuntu-jammy kernel: [    0.631262] Linux agpgart interface v0.103
Oct  1 17:15:46 ubuntu-jammy kernel: [    0.634700] loop: module loaded
Oct  1 17:15:46 ubuntu-jammy kernel: [    0.635526] ata_piix 0000:00:01.1: version 2.13
Oct  1 17:15:46 ubuntu-jammy kernel: [    0.635861] scsi host0: ata_piix
Oct  1 17:15:46 ubuntu-jammy kernel: [    0.636554] scsi host1: ata_piix
Oct  1 17:15:46 ubuntu-jammy kernel: [    0.637276] ata1: PATA max UDMA/33 cmd 0x1f0 ctl 0x3f6 bmdma 0xd000 irq 14
Oct  1 17:15:46 ubuntu-jammy kernel: [    0.638458] ata2: PATA max UDMA/33 cmd 0x170 ctl 0x376 bmdma 0xd008 irq 15
Oct  1 17:15:46 ubuntu-jammy kernel: [    0.640176] tun: Universal TUN/TAP device driver, 1.6
Oct  1 17:15:46 ubuntu-jammy kernel: [    0.641112] PPP generic driver version 2.4.2
Oct  1 17:15:46 ubuntu-jammy kernel: [    0.641903] VFIO - User Level meta-driver version: 0.3
Oct  1 17:15:46 ubuntu-jammy kernel: [    0.642846] ehci_hcd: USB 2.0 'Enhanced' Host Controller (EHCI) Driver
Oct  1 17:15:46 ubuntu-jammy kernel: [    0.644141] ehci-pci: EHCI PCI platform driver
Oct  1 17:15:46 ubuntu-jammy kernel: [    0.645039] ehci-platform: EHCI generic platform driver
Oct  1 17:15:46 ubuntu-jammy kernel: [    0.645961] ohci_hcd: USB 1.1 'Open' Host Controller (OHCI) Driver
Oct  1 17:15:46 ubuntu-jammy kernel: [    0.647370] ohci-pci: OHCI PCI platform driver
Oct  1 17:15:46 ubuntu-jammy kernel: [    0.648152] ohci-platform: OHCI generic platform driver
Oct  1 17:15:46 ubuntu-jammy kernel: [    0.649050] uhci_hcd: USB Universal Host Controller Interface driver
Oct  1 17:15:46 ubuntu-jammy kernel: [    0.650295] i8042: PNP: PS/2 Controller [PNP0303:PS2K,PNP0f03:PS2M] at 0x60,0x64 irq 1,12
Oct  1 17:15:46 ubuntu-jammy kernel: [    0.652212] serio: i8042 KBD port at 0x60,0x64 irq 1
Oct  1 17:15:46 ubuntu-jammy kernel: [    0.653087] serio: i8042 AUX port at 0x60,0x64 irq 12
Oct  1 17:15:46 ubuntu-jammy kernel: [    0.654058] mousedev: PS/2 mouse device common for all mice
Oct  1 17:15:46 ubuntu-jammy kernel: [    0.655280] input: AT Translated Set 2 keyboard as /devices/platform/i8042/serio0/input/input2
Oct  1 17:15:46 ubuntu-jammy kernel: [    0.657105] rtc_cmos rtc_cmos: registered as rtc0
Oct  1 17:15:46 ubuntu-jammy kernel: [    0.657953] rtc_cmos rtc_cmos: setting system clock to 2026-10-01T17:17:03 UTC (1790875023)
Oct  1 17:15:46 ubuntu-jammy kernel: [    0.660276] rtc_cmos rtc_cmos: alarms up to one day, 114 bytes nvram
Oct  1 17:15:46 ubuntu-jammy kernel: [    0.661323] i2c_dev: i2c /dev entries driver
Oct  1 17:15:46 ubuntu-jammy kernel: [    0.662086] device-mapper: core: CONFIG_IMA_DISABLE_HTABLE is disabled. Duplicate IMA measurements will not be recorded in the IMA log.
Oct  1 17:15:46 ubuntu-jammy kernel: [    0.664155] device-mapper: uevent: version 1.0.3
Oct  1 17:15:46 ubuntu-jammy kernel: [    0.664999] device-mapper: ioctl: 4.45.0-ioctl (2021-03-22) initialised: dm-devel@redhat.com
Oct  1 17:15:46 ubuntu-jammy kernel: [    0.666593] intel_pstate: CPU model not supported
Oct  1 17:15:46 ubuntu-jammy kernel: [    0.667544] ledtrig-cpu: registered to indicate activity on CPUs
Oct  1 17:15:46 ubuntu-jammy kernel: [    0.668621] drop_monitor: Initializing network drop monitor service
Oct  1 17:15:46 ubuntu-jammy kernel: [    0.669800] NET: Registered PF_INET6 protocol family
Oct  1 17:15:46 ubuntu-jammy kernel: [    0.753147] Freeing initrd memory: 32996K
Oct  1 17:15:46 ubuntu-jammy kernel: [    0.758361] Segment Routing with IPv6
Oct  1 17:15:46 ubuntu-jammy kernel: [    0.759019] In-situ OAM (IOAM) with IPv6
Oct  1 17:15:46 ubuntu-jammy kernel: [    0.759795] NET: Registered PF_PACKET protocol family
Oct  1 17:15:46 ubuntu-jammy kernel: [    0.760698] Key type dns_resolver registered
Oct  1 17:15:46 ubuntu-jammy kernel: [    0.761609] IPI shorthand broadcast: enabled
Oct  1 17:15:46 ubuntu-jammy kernel: [    0.762391] sched_clock: Marking stable (650438093, 111108131)->(770250383, -8704159)
Oct  1 17:15:46 ubuntu-jammy kernel: [    0.763856] registered taskstats version 1
Oct  1 17:15:46 ubuntu-jammy kernel: [    0.764657] Loading compiled-in X.509 certificates
Oct  1 17:15:46 ubuntu-jammy kernel: [    0.765950] Loaded X.509 cert 'Build time autogenerated kernel key: ed39c156d6b29ce385c94da0a139822883a90e35'
Oct  1 17:15:46 ubuntu-jammy kernel: [    0.768065] Loaded X.509 cert 'Canonical Ltd. Live Patch Signing 2025 Kmod: d541cef61dc7e793b7eb7e899970a2eef0b5dc8c'
Oct  1 17:15:46 ubuntu-jammy kernel: [    0.770199] Loaded X.509 cert 'Canonical Ltd. Live Patch Signing: 14df34d1a87cf37625abec039ef2bf521249b969'
Oct  1 17:15:46 ubuntu-jammy kernel: [    0.772254] Loaded X.509 cert 'Canonical Ltd. Kernel Module Signing 2025 Kmod: 4627603d2357a2a3f81006370894c221175893e9'
Oct  1 17:15:46 ubuntu-jammy kernel: [    0.774443] Loaded X.509 cert 'Canonical Ltd. Kernel Module Signing: 88f752e560a1e0737e31163a466ad7b70a850c19'
Oct  1 17:15:46 ubuntu-jammy kernel: [    0.776143] blacklist: Loading compiled-in revocation X.509 certificates
Oct  1 17:15:46 ubuntu-jammy kernel: [    0.777271] Loaded X.509 cert 'Canonical Ltd. Secure Boot Signing: 61482aa2830d0ab2ad5af10b7250da9033ddcef0'
Oct  1 17:15:46 ubuntu-jammy kernel: [    0.778930] Loaded X.509 cert 'Canonical Ltd. Secure Boot Signing (2017): 242ade75ac4a15e50d50c84b0d45ff3eae707a03'
Oct  1 17:15:46 ubuntu-jammy kernel: [    0.780690] Loaded X.509 cert 'Canonical Ltd. Secure Boot Signing (ESM 2018): 365188c1d374d6b07c3c8f240f8ef722433d6a8b'
Oct  1 17:15:46 ubuntu-jammy kernel: [    0.782428] Loaded X.509 cert 'Canonical Ltd. Secure Boot Signing (2019): c0746fd6c5da3ae827864651ad66ae47fe24b3e8'
Oct  1 17:15:46 ubuntu-jammy kernel: [    0.784212] Loaded X.509 cert 'Canonical Ltd. Secure Boot Signing (2021 v1): a8d54bbb3825cfb94fa13c9f8a594a195c107b8d'
Oct  1 17:15:46 ubuntu-jammy kernel: [    0.785944] Loaded X.509 cert 'Canonical Ltd. Secure Boot Signing (2021 v2): 4cf046892d6fd3c9a5b03f98d845f90851dc6a8c'
Oct  1 17:15:46 ubuntu-jammy kernel: [    0.787816] Loaded X.509 cert 'Canonical Ltd. Secure Boot Signing (2021 v3): 100437bb6de6e469b581e61cd66bce3ef4ed53af'
Oct  1 17:15:46 ubuntu-jammy kernel: [    0.789607] Loaded X.509 cert 'Canonical Ltd. Secure Boot Signing (Ubuntu Core 2019): c1d57b8f6b743f23ee41f4f7ee292f06eecadfb9'
Oct  1 17:15:46 ubuntu-jammy kernel: [    0.791572] zswap: loaded using pool lzo/zbud
Oct  1 17:15:46 ubuntu-jammy kernel: [    0.792511] Key type .fscrypt registered
Oct  1 17:15:46 ubuntu-jammy kernel: [    0.793211] Key type fscrypt-provisioning registered
Oct  1 17:15:46 ubuntu-jammy kernel: [    0.796196] Key type encrypted registered
Oct  1 17:15:46 ubuntu-jammy kernel: [    0.796893] AppArmor: AppArmor sha1 policy hashing enabled
Oct  1 17:15:46 ubuntu-jammy kernel: [    0.797815] ima: No TPM chip found, activating TPM-bypass!
Oct  1 17:15:46 ubuntu-jammy kernel: [    0.798744] Loading compiled-in module X.509 certificates
Oct  1 17:15:46 ubuntu-jammy kernel: [    0.803565] Loaded X.509 cert 'Build time autogenerated kernel key: ed39c156d6b29ce385c94da0a139822883a90e35'
Oct  1 17:15:46 ubuntu-jammy kernel: [    0.805166] ima: Allocated hash algorithm: sha1
Oct  1 17:15:46 ubuntu-jammy kernel: [    0.805929] ima: No architecture policies found
Oct  1 17:15:46 ubuntu-jammy kernel: [    0.806871] evm: Initialising EVM extended attributes:
Oct  1 17:15:46 ubuntu-jammy kernel: [    0.807757] evm: security.selinux
Oct  1 17:15:46 ubuntu-jammy kernel: [    0.808365] evm: security.SMACK64
Oct  1 17:15:46 ubuntu-jammy kernel: [    0.808960] evm: security.SMACK64EXEC
Oct  1 17:15:46 ubuntu-jammy kernel: [    0.809656] evm: security.SMACK64TRANSMUTE
Oct  1 17:15:46 ubuntu-jammy kernel: [    0.810379] evm: security.SMACK64MMAP
Oct  1 17:15:46 ubuntu-jammy kernel: [    0.811033] evm: security.apparmor
Oct  1 17:15:46 ubuntu-jammy kernel: [    0.811659] evm: security.ima
Oct  1 17:15:46 ubuntu-jammy kernel: [    0.812203] evm: security.capability
Oct  1 17:15:46 ubuntu-jammy kernel: [    0.812835] evm: HMAC attrs: 0x1
Oct  1 17:15:46 ubuntu-jammy kernel: [    0.822280] PM:   Magic number: 14:621:288
Oct  1 17:15:46 ubuntu-jammy kernel: [    0.822972] PM:   hash matches drivers/base/power/main.c:670
Oct  1 17:15:46 ubuntu-jammy kernel: [    0.823934] tty tty21: hash matches
Oct  1 17:15:46 ubuntu-jammy kernel: [    0.824543] acpi PNP0400:01: hash matches
Oct  1 17:15:46 ubuntu-jammy kernel: [    0.825411] RAS: Correctable Errors collector initialized.
Oct  1 17:15:46 ubuntu-jammy kernel: [    0.826343] clk: Disabling unused clocks
Oct  1 17:15:46 ubuntu-jammy kernel: [    0.828253] Freeing unused decrypted memory: 2036K
Oct  1 17:15:46 ubuntu-jammy kernel: [    0.829418] Freeing unused kernel image (initmem) memory: 3292K
Oct  1 17:15:46 ubuntu-jammy kernel: [    0.830439] Write protecting the kernel read-only data: 30720k
Oct  1 17:15:46 ubuntu-jammy kernel: [    0.831795] Freeing unused kernel image (text/rodata gap) memory: 2036K
Oct  1 17:15:46 ubuntu-jammy kernel: [    0.833105] Freeing unused kernel image (rodata/data gap) memory: 1284K
Oct  1 17:15:46 ubuntu-jammy kernel: [    0.882283] x86/mm: Checked W+X mappings: passed, no W+X pages found.
Oct  1 17:15:46 ubuntu-jammy kernel: [    0.883363] x86/mm: Checking user space page tables
Oct  1 17:15:46 ubuntu-jammy kernel: [    0.930635] x86/mm: Checked W+X mappings: passed, no W+X pages found.
Oct  1 17:15:46 ubuntu-jammy kernel: [    0.931771] Run /init as init process
Oct  1 17:15:46 ubuntu-jammy kernel: [    0.932404]   with arguments:
Oct  1 17:15:46 ubuntu-jammy kernel: [    0.932406]     /init
Oct  1 17:15:46 ubuntu-jammy kernel: [    0.932407]   with environment:
Oct  1 17:15:46 ubuntu-jammy kernel: [    0.932407]     HOME=/
Oct  1 17:15:46 ubuntu-jammy kernel: [    0.932408]     TERM=linux
Oct  1 17:15:46 ubuntu-jammy kernel: [    1.036174] Fusion MPT base driver 3.04.20
Oct  1 17:15:46 ubuntu-jammy kernel: [    1.036925] Copyright (c) 1999-2008 LSI Corporation
Oct  1 17:15:46 ubuntu-jammy kernel: [    1.041555] Fusion MPT SPI Host driver 3.04.20
Oct  1 17:15:46 ubuntu-jammy kernel: [    1.043052] e1000: Intel(R) PRO/1000 Network Driver
Oct  1 17:15:46 ubuntu-jammy kernel: [    1.043954] e1000: Copyright (c) 1999-2006 Intel Corporation.
Oct  1 17:15:46 ubuntu-jammy kernel: [    1.047234] cryptd: max_cpu_qlen set to 1000
Oct  1 17:15:46 ubuntu-jammy kernel: [    1.048657] mptbase: ioc0: Initiating bringup
Oct  1 17:15:46 ubuntu-jammy kernel: [    1.052073] AVX2 version of gcm_enc/dec engaged.
Oct  1 17:15:46 ubuntu-jammy kernel: [    1.052975] AES CTR mode by8 optimization enabled
Oct  1 17:15:46 ubuntu-jammy kernel: [    1.066471] vboxvideo 0000:00:02.0: vgaarb: deactivate vga console
Oct  1 17:15:46 ubuntu-jammy kernel: [    1.068195] Console: switching to colour dummy device 80x25
Oct  1 17:15:46 ubuntu-jammy kernel: [    1.072037] [drm] VRAM 01000000
Oct  1 17:15:46 ubuntu-jammy kernel: [    1.073242] [drm] Initialized vboxvideo 1.0.0 20130823 for 0000:00:02.0 on minor 0
Oct  1 17:15:46 ubuntu-jammy kernel: [    1.075937] fbcon: vboxvideodrmfb (fb0) is primary device
Oct  1 17:15:46 ubuntu-jammy kernel: [    1.080184] vboxvideo 0000:00:02.0: [drm] drm_plane_enable_fb_damage_clips() not called
Oct  1 17:15:46 ubuntu-jammy kernel: [    1.080195] Console: switching to colour frame buffer device 128x48
Oct  1 17:15:46 ubuntu-jammy kernel: [    1.084909] vboxvideo 0000:00:02.0: [drm] fb0: vboxvideodrmfb frame buffer device
Oct  1 17:15:46 ubuntu-jammy kernel: [    1.167263] ioc0: LSI53C1030 A0: Capabilities={Initiator}
Oct  1 17:15:46 ubuntu-jammy kernel: [    1.277039] input: ImExPS/2 Generic Explorer Mouse as /devices/platform/i8042/serio1/input/input4
Oct  1 17:15:46 ubuntu-jammy kernel: [    1.420554] scsi host2: ioc0: LSI53C1030 A0, FwRev=00000000h, Ports=1, MaxQ=256, IRQ=20
Oct  1 17:15:46 ubuntu-jammy kernel: [    1.429118] e1000 0000:00:03.0 eth0: (PCI:33MHz:32-bit) 02:8e:3e:db:5c:8a
Oct  1 17:15:46 ubuntu-jammy kernel: [    1.430101] e1000 0000:00:03.0 eth0: Intel(R) PRO/1000 Network Connection
Oct  1 17:15:46 ubuntu-jammy kernel: [    1.591450] scsi 2:0:0:0: Direct-Access     VBOX     HARDDISK         1.0  PQ: 0 ANSI: 5
Oct  1 17:15:46 ubuntu-jammy kernel: [    1.711157] scsi target2:0:0: Beginning Domain Validation
Oct  1 17:15:46 ubuntu-jammy kernel: [    1.712669] scsi target2:0:0: Domain Validation skipping write tests
Oct  1 17:15:46 ubuntu-jammy kernel: [    1.713453] scsi target2:0:0: Ending Domain Validation
Oct  1 17:15:46 ubuntu-jammy kernel: [    1.714181] scsi target2:0:0: asynchronous
Oct  1 17:15:46 ubuntu-jammy kernel: [    1.715106] scsi 2:0:1:0: Direct-Access     VBOX     HARDDISK         1.0  PQ: 0 ANSI: 5
Oct  1 17:15:46 ubuntu-jammy kernel: [    1.767534] scsi target2:0:1: Beginning Domain Validation
Oct  1 17:15:46 ubuntu-jammy kernel: [    1.769016] scsi target2:0:1: Domain Validation skipping write tests
Oct  1 17:15:46 ubuntu-jammy kernel: [    1.769829] scsi target2:0:1: Ending Domain Validation
Oct  1 17:15:46 ubuntu-jammy kernel: [    1.770571] scsi target2:0:1: asynchronous
Oct  1 17:15:46 ubuntu-jammy kernel: [    1.773647] sd 2:0:0:0: [sda] 83886080 512-byte logical blocks: (42.9 GB/40.0 GiB)
Oct  1 17:15:46 ubuntu-jammy kernel: [    1.774705] sd 2:0:0:0: [sda] Write Protect is off
Oct  1 17:15:46 ubuntu-jammy kernel: [    1.775346] sd 2:0:0:0: [sda] Mode Sense: 04 00 10 00
Oct  1 17:15:46 ubuntu-jammy kernel: [    1.775482] sd 2:0:0:0: [sda] Incomplete mode parameter data
Oct  1 17:15:46 ubuntu-jammy kernel: [    1.776173] sd 2:0:0:0: [sda] Assuming drive cache: write through
Oct  1 17:15:46 ubuntu-jammy kernel: [    1.777046] sd 2:0:0:0: Attached scsi generic sg0 type 0
Oct  1 17:15:46 ubuntu-jammy kernel: [    1.777717]  sda: sda1
Oct  1 17:15:46 ubuntu-jammy kernel: [    1.778934] sd 2:0:1:0: Attached scsi generic sg1 type 0
Oct  1 17:15:46 ubuntu-jammy kernel: [    1.779069] sd 2:0:1:0: [sdb] 20480 512-byte logical blocks: (10.5 MB/10.0 MiB)
Oct  1 17:15:46 ubuntu-jammy kernel: [    1.781157] sd 2:0:0:0: [sda] Attached SCSI disk
Oct  1 17:15:46 ubuntu-jammy kernel: [    1.781446] sd 2:0:1:0: [sdb] Write Protect is off
Oct  1 17:15:46 ubuntu-jammy kernel: [    1.782888] sd 2:0:1:0: [sdb] Mode Sense: 04 00 10 00
Oct  1 17:15:46 ubuntu-jammy kernel: [    1.783273] sd 2:0:1:0: [sdb] Incomplete mode parameter data
Oct  1 17:15:46 ubuntu-jammy kernel: [    1.784222] sd 2:0:1:0: [sdb] Assuming drive cache: write through
Oct  1 17:15:46 ubuntu-jammy kernel: [    1.786810] sd 2:0:1:0: [sdb] Attached SCSI disk
Oct  1 17:15:46 ubuntu-jammy kernel: [    1.811693] e1000 0000:00:08.0 eth1: (PCI:33MHz:32-bit) 08:00:27:bc:d8:68
Oct  1 17:15:46 ubuntu-jammy kernel: [    1.812770] e1000 0000:00:08.0 eth1: Intel(R) PRO/1000 Network Connection
Oct  1 17:15:46 ubuntu-jammy kernel: [    1.815331] e1000 0000:00:03.0 enp0s3: renamed from eth0
Oct  1 17:15:46 ubuntu-jammy kernel: [    1.835609] e1000 0000:00:08.0 enp0s8: renamed from eth1
Oct  1 17:15:46 ubuntu-jammy kernel: [    2.032084] raid6: avx2x4   gen() 43926 MB/s
Oct  1 17:15:46 ubuntu-jammy kernel: [    2.099122] raid6: avx2x4   xor() 20387 MB/s
Oct  1 17:15:46 ubuntu-jammy kernel: [    2.167117] raid6: avx2x2   gen() 41285 MB/s
Oct  1 17:15:46 ubuntu-jammy kernel: [    2.235215] raid6: avx2x2   xor() 23125 MB/s
Oct  1 17:15:46 ubuntu-jammy kernel: [    2.303116] raid6: avx2x1   gen() 26208 MB/s
Oct  1 17:15:46 ubuntu-jammy kernel: [    2.381958] raid6: avx2x1   xor() 20889 MB/s
Oct  1 17:15:46 ubuntu-jammy kernel: [    2.459811] raid6: sse2x4   gen() 17013 MB/s
Oct  1 17:15:46 ubuntu-jammy kernel: [    2.527136] raid6: sse2x4   xor() 10283 MB/s
Oct  1 17:15:46 ubuntu-jammy kernel: [    2.595259] raid6: sse2x2   gen() 17798 MB/s
Oct  1 17:15:46 ubuntu-jammy kernel: [    2.663971] raid6: sse2x2   xor() 11032 MB/s
Oct  1 17:15:46 ubuntu-jammy kernel: [    2.731697] raid6: sse2x1   gen() 14859 MB/s
Oct  1 17:15:46 ubuntu-jammy kernel: [    2.799121] raid6: sse2x1   xor()  7630 MB/s
Oct  1 17:15:46 ubuntu-jammy kernel: [    2.799874] raid6: using algorithm avx2x4 gen() 43926 MB/s
Oct  1 17:15:46 ubuntu-jammy kernel: [    2.800737] raid6: .... xor() 20387 MB/s, rmw enabled
Oct  1 17:15:46 ubuntu-jammy kernel: [    2.801550] raid6: using avx2x2 recovery algorithm
Oct  1 17:15:46 ubuntu-jammy kernel: [    2.803523] xor: automatically using best checksumming function   avx       
Oct  1 17:15:46 ubuntu-jammy kernel: [    2.805561] async_tx: api initialized (async)
Oct  1 17:15:46 ubuntu-jammy kernel: [    2.860466] Btrfs loaded, crc32c=crc32c-intel, zoned=yes, fsverity=yes
Oct  1 17:15:46 ubuntu-jammy kernel: [    2.877620] EXT4-fs (sda1): INFO: recovery required on readonly filesystem
Oct  1 17:15:46 ubuntu-jammy kernel: [    2.878668] EXT4-fs (sda1): write access will be enabled during recovery
Oct  1 17:15:46 ubuntu-jammy kernel: [    2.986936] EXT4-fs (sda1): recovery complete
Oct  1 17:15:46 ubuntu-jammy kernel: [    2.988114] EXT4-fs (sda1): mounted filesystem with ordered data mode. Opts: (null). Quota mode: none.
Oct  1 17:15:46 ubuntu-jammy kernel: [    3.219999] systemd[1]: Inserted module 'autofs4'
Oct  1 17:15:46 ubuntu-jammy kernel: [    3.237260] systemd[1]: systemd 249.11-0ubuntu3.22 running in system mode (+PAM +AUDIT +SELINUX +APPARMOR +IMA +SMACK +SECCOMP +GCRYPT +GNUTLS +OPENSSL +ACL +BLKID +CURL +ELFUTILS +FIDO2 +IDN2 -IDN +IPTC +KMOD +LIBCRYPTSETUP +LIBFDISK +PCRE2 -PWQUALITY -P11KIT -QRENCODE +BZIP2 +LZ4 +XZ +ZLIB +ZSTD -XKBCOMMON +UTMP +SYSVINIT default-hierarchy=unified)
Oct  1 17:15:46 ubuntu-jammy kernel: [    3.242078] systemd[1]: Detected virtualization oracle.
Oct  1 17:15:46 ubuntu-jammy kernel: [    3.243209] systemd[1]: Detected architecture x86-64.
Oct  1 17:15:46 ubuntu-jammy kernel: [    3.245793] systemd[1]: Hostname set to <ubuntu-jammy>.
Oct  1 17:15:46 ubuntu-jammy kernel: [    3.435313] systemd[1]: Configuration file /run/systemd/system/netplan-ovs-cleanup.service is marked world-inaccessible. This has no effect as configuration data is accessible via APIs without restrictions. Proceeding anyway.
Oct  1 17:15:46 ubuntu-jammy kernel: [    3.451894] systemd[1]: /lib/systemd/system/snapd.service:23: Unknown key name 'RestartMode' in section 'Service', ignoring.
Oct  1 17:15:46 ubuntu-jammy kernel: [    3.515272] systemd[1]: Queued start job for default target Graphical Interface.
Oct  1 17:15:46 ubuntu-jammy kernel: [    3.518087] systemd[1]: Created slice Slice /system/modprobe.
Oct  1 17:15:46 ubuntu-jammy kernel: [    3.520197] systemd[1]: Created slice Slice /system/serial-getty.
Oct  1 17:15:46 ubuntu-jammy kernel: [    3.522166] systemd[1]: Created slice User and Session Slice.
Oct  1 17:15:46 ubuntu-jammy kernel: [    3.524902] systemd[1]: Started Forward Password Requests to Wall Directory Watch.
Oct  1 17:15:46 ubuntu-jammy kernel: [    3.529029] systemd[1]: Set up automount Arbitrary Executable File Formats File System Automount Point.
Oct  1 17:15:46 ubuntu-jammy kernel: [    3.532973] systemd[1]: Reached target Slice Units.
Oct  1 17:15:46 ubuntu-jammy kernel: [    3.535458] systemd[1]: Reached target Mounting snaps.
Oct  1 17:15:46 ubuntu-jammy kernel: [    3.537969] systemd[1]: Reached target Swaps.
Oct  1 17:15:46 ubuntu-jammy kernel: [    3.540539] systemd[1]: Reached target Local Verity Protected Volumes.
Oct  1 17:15:46 ubuntu-jammy kernel: [    3.543403] systemd[1]: Listening on Device-mapper event daemon FIFOs.
Oct  1 17:15:46 ubuntu-jammy kernel: [    3.545927] systemd[1]: Listening on LVM2 poll daemon socket.
Oct  1 17:15:46 ubuntu-jammy kernel: [    3.548482] systemd[1]: Listening on multipathd control socket.
Oct  1 17:15:46 ubuntu-jammy kernel: [    3.550845] systemd[1]: Listening on Syslog Socket.
Oct  1 17:15:46 ubuntu-jammy kernel: [    3.552948] systemd[1]: Listening on fsck to fsckd communication Socket.
Oct  1 17:15:46 ubuntu-jammy kernel: [    3.555431] systemd[1]: Listening on initctl Compatibility Named Pipe.
Oct  1 17:15:46 ubuntu-jammy kernel: [    3.558048] systemd[1]: Listening on Journal Audit Socket.
Oct  1 17:15:46 ubuntu-jammy kernel: [    3.560328] systemd[1]: Listening on Journal Socket (/dev/log).
Oct  1 17:15:46 ubuntu-jammy kernel: [    3.562547] systemd[1]: Listening on Journal Socket.
Oct  1 17:15:46 ubuntu-jammy kernel: [    3.564686] systemd[1]: Listening on Network Service Netlink Socket.
Oct  1 17:15:46 ubuntu-jammy kernel: [    3.567302] systemd[1]: Listening on udev Control Socket.
Oct  1 17:15:46 ubuntu-jammy kernel: [    3.569384] systemd[1]: Listening on udev Kernel Socket.
Oct  1 17:15:46 ubuntu-jammy kernel: [    3.572124] systemd[1]: Mounting Huge Pages File System...
Oct  1 17:15:46 ubuntu-jammy kernel: [    3.584024] systemd[1]: Mounting POSIX Message Queue File System...
Oct  1 17:15:46 ubuntu-jammy kernel: [    3.586764] systemd[1]: Mounting Kernel Debug File System...
Oct  1 17:15:46 ubuntu-jammy kernel: [    3.589360] systemd[1]: Mounting Kernel Trace File System...
Oct  1 17:15:46 ubuntu-jammy kernel: [    3.592707] systemd[1]: Starting Journal Service...
Oct  1 17:15:46 ubuntu-jammy kernel: [    3.596333] systemd[1]: Starting Set the console keyboard layout...
Oct  1 17:15:46 ubuntu-jammy kernel: [    3.600141] systemd[1]: Starting Create List of Static Device Nodes...
Oct  1 17:15:46 ubuntu-jammy kernel: [    3.604689] systemd[1]: Starting Monitoring of LVM2 mirrors, snapshots etc. using dmeventd or progress polling...
Oct  1 17:15:46 ubuntu-jammy kernel: [    3.612554] systemd[1]: Condition check resulted in LXD - agent being skipped.
Oct  1 17:15:46 ubuntu-jammy kernel: [    3.614575] systemd[1]: Starting Load Kernel Module configfs...
Oct  1 17:15:46 ubuntu-jammy kernel: [    3.620112] systemd[1]: Starting Load Kernel Module drm...
Oct  1 17:15:46 ubuntu-jammy kernel: [    3.622936] systemd[1]: Starting Load Kernel Module efi_pstore...
Oct  1 17:15:46 ubuntu-jammy kernel: [    3.626189] systemd[1]: Starting Load Kernel Module fuse...
Oct  1 17:15:46 ubuntu-jammy kernel: [    3.628892] systemd[1]: Condition check resulted in OpenVSwitch configuration for cleanup being skipped.
Oct  1 17:15:46 ubuntu-jammy kernel: [    3.631670] systemd[1]: Starting File System Check on Root Device...
Oct  1 17:15:46 ubuntu-jammy kernel: [    3.637398] systemd[1]: Starting Load Kernel Modules...
Oct  1 17:15:46 ubuntu-jammy kernel: [    3.640315] systemd[1]: Starting Coldplug All udev Devices...
Oct  1 17:15:46 ubuntu-jammy kernel: [    3.645397] systemd[1]: Mounted Huge Pages File System.
Oct  1 17:15:46 ubuntu-jammy kernel: [    3.646702] systemd[1]: Mounted POSIX Message Queue File System.
Oct  1 17:15:46 ubuntu-jammy kernel: [    3.649303] systemd[1]: Mounted Kernel Debug File System.
Oct  1 17:15:46 ubuntu-jammy kernel: [    3.650586] systemd[1]: Mounted Kernel Trace File System.
Oct  1 17:15:46 ubuntu-jammy kernel: [    3.652193] systemd[1]: Finished Create List of Static Device Nodes.
Oct  1 17:15:46 ubuntu-jammy kernel: [    3.653831] systemd[1]: Finished Monitoring of LVM2 mirrors, snapshots etc. using dmeventd or progress polling.
Oct  1 17:15:46 ubuntu-jammy kernel: [    3.655974] systemd[1]: modprobe@configfs.service: Deactivated successfully.
Oct  1 17:15:46 ubuntu-jammy kernel: [    3.657555] systemd[1]: Finished Load Kernel Module configfs.
Oct  1 17:15:46 ubuntu-jammy kernel: [    3.658936] systemd[1]: modprobe@drm.service: Deactivated successfully.
Oct  1 17:15:46 ubuntu-jammy kernel: [    3.660582] systemd[1]: Finished Load Kernel Module drm.
Oct  1 17:15:46 ubuntu-jammy kernel: [    3.661951] systemd[1]: modprobe@efi_pstore.service: Deactivated successfully.
Oct  1 17:15:46 ubuntu-jammy kernel: [    3.663637] systemd[1]: Finished Load Kernel Module efi_pstore.
Oct  1 17:15:46 ubuntu-jammy kernel: [    3.665177] systemd[1]: modprobe@fuse.service: Deactivated successfully.
Oct  1 17:15:46 ubuntu-jammy kernel: [    3.666956] systemd[1]: Finished Load Kernel Module fuse.
Oct  1 17:15:46 ubuntu-jammy kernel: [    3.668777] systemd[1]: Finished Load Kernel Modules.
Oct  1 17:15:46 ubuntu-jammy kernel: [    3.671246] systemd[1]: Mounting FUSE Control File System...
Oct  1 17:15:46 ubuntu-jammy kernel: [    3.675881] systemd[1]: Mounting Kernel Configuration File System...
Oct  1 17:15:46 ubuntu-jammy kernel: [    3.679300] systemd[1]: Started File System Check Daemon to report status.
Oct  1 17:15:46 ubuntu-jammy kernel: [    3.682143] systemd[1]: Starting Apply Kernel Variables...
Oct  1 17:15:46 ubuntu-jammy kernel: [    3.684842] systemd[1]: Started Journal Service.
Oct  1 17:15:46 ubuntu-jammy kernel: [    3.704204] EXT4-fs (sda1): re-mounted. Opts: discard,errors=remount-ro. Quota mode: none.
Oct  1 17:15:46 ubuntu-jammy kernel: [    3.717791] systemd-journald[361]: Received client request to flush runtime journal.
Oct  1 17:15:46 ubuntu-jammy kernel: [    3.723385] systemd-journald[361]: File /var/log/journal/05d992d7778246948d9301f84153dfa3/system.journal corrupted or uncleanly shut down, renaming and replacing.
Oct  1 17:15:46 ubuntu-jammy kernel: [    3.727333] alua: device handler registered
Oct  1 17:15:46 ubuntu-jammy kernel: [    3.733710] emc: device handler registered
Oct  1 17:15:46 ubuntu-jammy kernel: [    3.740712] rdac: device handler registered
Oct  1 17:15:46 ubuntu-jammy kernel: [    3.964818] loop0: detected capacity change from 0 to 151512
Oct  1 17:15:46 ubuntu-jammy kernel: [    3.965772] loop1: detected capacity change from 0 to 91568
Oct  1 17:15:46 ubuntu-jammy kernel: [    3.966156] loop2: detected capacity change from 0 to 236152
Oct  1 17:15:46 ubuntu-jammy kernel: [    3.967111] loop3: detected capacity change from 0 to 102952
Oct  1 17:15:46 ubuntu-jammy kernel: [    4.069759] audit: type=1400 audit(1790875026.908:2): apparmor="STATUS" operation="profile_load" profile="unconfined" name="lsb_release" pid=434 comm="apparmor_parser"
Oct  1 17:15:46 ubuntu-jammy kernel: [    4.073367] audit: type=1400 audit(1790875026.912:3): apparmor="STATUS" operation="profile_load" profile="unconfined" name="nvidia_modprobe" pid=435 comm="apparmor_parser"
Oct  1 17:15:46 ubuntu-jammy kernel: [    4.073371] audit: type=1400 audit(1790875026.912:4): apparmor="STATUS" operation="profile_load" profile="unconfined" name="nvidia_modprobe//kmod" pid=435 comm="apparmor_parser"
Oct  1 17:15:46 ubuntu-jammy kernel: [    4.095185] audit: type=1400 audit(1790875026.936:5): apparmor="STATUS" operation="profile_load" profile="unconfined" name="ubuntu_pro_apt_news" pid=443 comm="apparmor_parser"
Oct  1 17:15:46 ubuntu-jammy kernel: [    4.105217] audit: type=1400 audit(1790875026.944:6): apparmor="STATUS" operation="profile_load" profile="unconfined" name="/usr/lib/NetworkManager/nm-dhcp-client.action" pid=442 comm="apparmor_parser"
Oct  1 17:15:46 ubuntu-jammy kernel: [    4.105222] audit: type=1400 audit(1790875026.944:7): apparmor="STATUS" operation="profile_load" profile="unconfined" name="/usr/lib/NetworkManager/nm-dhcp-helper" pid=442 comm="apparmor_parser"
Oct  1 17:15:46 ubuntu-jammy kernel: [    4.105224] audit: type=1400 audit(1790875026.944:8): apparmor="STATUS" operation="profile_load" profile="unconfined" name="/usr/lib/connman/scripts/dhclient-script" pid=442 comm="apparmor_parser"
Oct  1 17:15:46 ubuntu-jammy kernel: [    4.105225] audit: type=1400 audit(1790875026.944:9): apparmor="STATUS" operation="profile_load" profile="unconfined" name="/{,usr/}sbin/dhclient" pid=442 comm="apparmor_parser"
Oct  1 17:15:46 ubuntu-jammy kernel: [    4.151505] audit: type=1400 audit(1790875026.992:10): apparmor="STATUS" operation="profile_load" profile="unconfined" name="ubuntu_pro_esm_cache" pid=456 comm="apparmor_parser"
Oct  1 17:15:46 ubuntu-jammy kernel: [    4.385687] ACPI: video: Video Device [GFX0] (multi-head: yes  rom: no  post: no)
Oct  1 17:15:46 ubuntu-jammy kernel: [    4.385752] input: Video Bus as /devices/LNXSYSTM:00/LNXSYBUS:00/PNP0A03:00/LNXVIDEO:00/input/input5
Oct  1 17:15:46 ubuntu-jammy kernel: [    4.387472] vboxguest: host-version: 7.0.16r162802 0x8000000f
Oct  1 17:15:46 ubuntu-jammy kernel: [    4.399568] vbg_heartbeat_init: Setting up heartbeat to trigger every 2000 milliseconds
Oct  1 17:15:46 ubuntu-jammy kernel: [    4.399965] input: VirtualBox mouse integration as /devices/pci0000:00/0000:00:04.0/input/input6
Oct  1 17:15:46 ubuntu-jammy kernel: [    4.401107] vboxguest: misc device minor 123, IRQ 20, I/O port d020, MMIO at 0x00000000f0400000 (size 0x0000000000400000)
Oct  1 17:15:46 ubuntu-jammy kernel: [    5.236284] ISO 9660 Extensions: Microsoft Joliet Level 3
Oct  1 17:15:46 ubuntu-jammy kernel: [    5.236449] ISO 9660 Extensions: RRIP_1991A
Oct  1 17:15:46 ubuntu-jammy kernel: [    5.424253] e1000: enp0s8 NIC Link is Up 1000 Mbps Full Duplex, Flow Control: RX
Oct  1 17:15:46 ubuntu-jammy kernel: [    5.424283] IPv6: ADDRCONF(NETDEV_CHANGE): enp0s8: link becomes ready
Oct  1 17:15:46 ubuntu-jammy kernel: [    5.431733] e1000: enp0s3 NIC Link is Up 1000 Mbps Full Duplex, Flow Control: RX
Oct  1 17:15:46 ubuntu-jammy kernel: [    5.432031] IPv6: ADDRCONF(NETDEV_CHANGE): enp0s3: link becomes ready
Oct  1 17:15:49 ubuntu-jammy kernel: [   22.890036] loop4: detected capacity change from 0 to 8
Oct  1 17:15:53 ubuntu-jammy kernel: [   69.215169] clocksource: Long readout interval, skipping watchdog check: cs_nsec: 1010668650 wd_nsec: 1010668425
Oct  1 17:16:29 ubuntu-jammy kernel: [    0.000000] Linux version 5.15.0-194-generic (buildd@lcy02-amd64-103) (gcc (Ubuntu 11.4.0-1ubuntu1~22.04.3) 11.4.0, GNU ld (GNU Binutils for Ubuntu) 2.38) #204-Ubuntu SMP Wed Sep 2 13:09:23 UTC 2026 (Ubuntu 5.15.0-194.204-generic 5.15.209)
Oct  1 17:16:29 ubuntu-jammy kernel: [    0.000000] Command line: BOOT_IMAGE=/boot/vmlinuz-5.15.0-194-generic root=UUID=4f096d6a-4d01-44e7-839c-7bf5ce7f6a01 ro console=tty1 console=ttyS0
Oct  1 17:16:29 ubuntu-jammy kernel: [    0.000000] KERNEL supported cpus:
Oct  1 17:16:29 ubuntu-jammy kernel: [    0.000000]   Intel GenuineIntel
Oct  1 17:16:29 ubuntu-jammy kernel: [    0.000000]   AMD AuthenticAMD
Oct  1 17:16:29 ubuntu-jammy kernel: [    0.000000]   Hygon HygonGenuine
Oct  1 17:16:29 ubuntu-jammy kernel: [    0.000000]   Centaur CentaurHauls
Oct  1 17:16:29 ubuntu-jammy kernel: [    0.000000]   zhaoxin   Shanghai  
Oct  1 17:16:29 ubuntu-jammy kernel: [    0.000000] BIOS-provided physical RAM map:
Oct  1 17:16:29 ubuntu-jammy kernel: [    0.000000] BIOS-e820: [mem 0x0000000000000000-0x000000000009fbff] usable
Oct  1 17:16:29 ubuntu-jammy kernel: [    0.000000] BIOS-e820: [mem 0x000000000009fc00-0x000000000009ffff] reserved
Oct  1 17:16:29 ubuntu-jammy kernel: [    0.000000] BIOS-e820: [mem 0x00000000000f0000-0x00000000000fffff] reserved
Oct  1 17:16:29 ubuntu-jammy kernel: [    0.000000] BIOS-e820: [mem 0x0000000000100000-0x000000003ffeffff] usable
Oct  1 17:16:29 ubuntu-jammy kernel: [    0.000000] BIOS-e820: [mem 0x000000003fff0000-0x000000003fffffff] ACPI data
Oct  1 17:16:29 ubuntu-jammy kernel: [    0.000000] BIOS-e820: [mem 0x00000000fec00000-0x00000000fec00fff] reserved
Oct  1 17:16:29 ubuntu-jammy kernel: [    0.000000] BIOS-e820: [mem 0x00000000fee00000-0x00000000fee00fff] reserved
Oct  1 17:16:29 ubuntu-jammy kernel: [    0.000000] BIOS-e820: [mem 0x00000000fffc0000-0x00000000ffffffff] reserved
Oct  1 17:16:29 ubuntu-jammy kernel: [    0.000000] NX (Execute Disable) protection: active
Oct  1 17:16:29 ubuntu-jammy kernel: [    0.000000] SMBIOS 2.5 present.
Oct  1 17:16:29 ubuntu-jammy kernel: [    0.000000] DMI: innotek GmbH VirtualBox/VirtualBox, BIOS VirtualBox 12/01/2006
Oct  1 17:16:29 ubuntu-jammy kernel: [    0.000000] Hypervisor detected: KVM
Oct  1 17:16:29 ubuntu-jammy kernel: [    0.000000] kvm-clock: Using msrs 4b564d01 and 4b564d00
Oct  1 17:16:29 ubuntu-jammy kernel: [    0.000000] kvm-clock: cpu 0, msr 3cc01001, primary cpu clock
Oct  1 17:16:29 ubuntu-jammy kernel: [    0.000002] kvm-clock: using sched offset of 3906855208 cycles
Oct  1 17:16:29 ubuntu-jammy kernel: [    0.000004] clocksource: kvm-clock: mask: 0xffffffffffffffff max_cycles: 0x1cd42e4dffb, max_idle_ns: 881590591483 ns
Oct  1 17:16:29 ubuntu-jammy kernel: [    0.000007] tsc: Detected 2399.998 MHz processor
Oct  1 17:16:29 ubuntu-jammy kernel: [    0.002033] e820: update [mem 0x00000000-0x00000fff] usable ==> reserved
Oct  1 17:16:29 ubuntu-jammy kernel: [    0.002038] e820: remove [mem 0x000a0000-0x000fffff] usable
Oct  1 17:16:29 ubuntu-jammy kernel: [    0.002043] last_pfn = 0x3fff0 max_arch_pfn = 0x400000000
Oct  1 17:16:29 ubuntu-jammy kernel: [    0.002051] Disabled
Oct  1 17:16:29 ubuntu-jammy kernel: [    0.002053] x86/PAT: MTRRs disabled, skipping PAT initialization too.
Oct  1 17:16:29 ubuntu-jammy kernel: [    0.002055] CPU MTRRs all blank - virtualized system.
Oct  1 17:16:29 ubuntu-jammy kernel: [    0.002058] x86/PAT: Configuration [0-7]: WB  WT  UC- UC  WB  WT  UC- UC  
Oct  1 17:16:29 ubuntu-jammy kernel: [    0.002100] found SMP MP-table at [mem 0x0009fff0-0x0009ffff]
Oct  1 17:16:29 ubuntu-jammy kernel: [    0.002283] RAMDISK: [mem 0x33ecf000-0x35f5efff]
Oct  1 17:16:29 ubuntu-jammy kernel: [    0.002286] ACPI: Early table checksum verification disabled
Oct  1 17:16:29 ubuntu-jammy kernel: [    0.002289] ACPI: RSDP 0x00000000000E0000 000024 (v02 VBOX  )
Oct  1 17:16:29 ubuntu-jammy kernel: [    0.002294] ACPI: XSDT 0x000000003FFF0030 00003C (v01 VBOX   VBOXXSDT 00000001 ASL  00000061)
Oct  1 17:16:29 ubuntu-jammy kernel: [    0.002300] ACPI: FACP 0x000000003FFF00F0 0000F4 (v04 VBOX   VBOXFACP 00000001 ASL  00000061)
Oct  1 17:16:29 ubuntu-jammy kernel: [    0.002305] ACPI: DSDT 0x000000003FFF0610 002353 (v02 VBOX   VBOXBIOS 00000002 INTL 20100528)
Oct  1 17:16:29 ubuntu-jammy kernel: [    0.002309] ACPI: FACS 0x000000003FFF0200 000040
Oct  1 17:16:29 ubuntu-jammy kernel: [    0.002313] ACPI: FACS 0x000000003FFF0200 000040
Oct  1 17:16:29 ubuntu-jammy kernel: [    0.002316] ACPI: APIC 0x000000003FFF0240 00005C (v02 VBOX   VBOXAPIC 00000001 ASL  00000061)
Oct  1 17:16:29 ubuntu-jammy kernel: [    0.002320] ACPI: SSDT 0x000000003FFF02A0 00036C (v01 VBOX   VBOXCPUT 00000002 INTL 20100528)
Oct  1 17:16:29 ubuntu-jammy kernel: [    0.002324] ACPI: Reserving FACP table memory at [mem 0x3fff00f0-0x3fff01e3]
Oct  1 17:16:29 ubuntu-jammy kernel: [    0.002326] ACPI: Reserving DSDT table memory at [mem 0x3fff0610-0x3fff2962]
Oct  1 17:16:29 ubuntu-jammy kernel: [    0.002327] ACPI: Reserving FACS table memory at [mem 0x3fff0200-0x3fff023f]
Oct  1 17:16:29 ubuntu-jammy kernel: [    0.002328] ACPI: Reserving FACS table memory at [mem 0x3fff0200-0x3fff023f]
Oct  1 17:16:29 ubuntu-jammy kernel: [    0.002330] ACPI: Reserving APIC table memory at [mem 0x3fff0240-0x3fff029b]
Oct  1 17:16:29 ubuntu-jammy kernel: [    0.002331] ACPI: Reserving SSDT table memory at [mem 0x3fff02a0-0x3fff060b]
Oct  1 17:16:29 ubuntu-jammy kernel: [    0.002534] No NUMA configuration found
Oct  1 17:16:29 ubuntu-jammy kernel: [    0.002535] Faking a node at [mem 0x0000000000000000-0x000000003ffeffff]
Oct  1 17:16:29 ubuntu-jammy kernel: [    0.002543] NODE_DATA(0) allocated [mem 0x3ffc6000-0x3ffeffff]
Oct  1 17:16:29 ubuntu-jammy kernel: [    0.002940] Zone ranges:
Oct  1 17:16:29 ubuntu-jammy kernel: [    0.002941]   DMA      [mem 0x0000000000001000-0x0000000000ffffff]
Oct  1 17:16:29 ubuntu-jammy kernel: [    0.002943]   DMA32    [mem 0x0000000001000000-0x000000003ffeffff]
Oct  1 17:16:29 ubuntu-jammy kernel: [    0.002945]   Normal   empty
Oct  1 17:16:29 ubuntu-jammy kernel: [    0.002947]   Device   empty
Oct  1 17:16:29 ubuntu-jammy kernel: [    0.002949] Movable zone start for each node
Oct  1 17:16:29 ubuntu-jammy kernel: [    0.002951] Early memory node ranges
Oct  1 17:16:29 ubuntu-jammy kernel: [    0.002952]   node   0: [mem 0x0000000000001000-0x000000000009efff]
Oct  1 17:16:29 ubuntu-jammy kernel: [    0.002954]   node   0: [mem 0x0000000000100000-0x000000003ffeffff]
Oct  1 17:16:29 ubuntu-jammy kernel: [    0.002956] Initmem setup node 0 [mem 0x0000000000001000-0x000000003ffeffff]
Oct  1 17:16:29 ubuntu-jammy kernel: [    0.002960] On node 0, zone DMA: 1 pages in unavailable ranges
Oct  1 17:16:29 ubuntu-jammy kernel: [    0.002989] On node 0, zone DMA: 97 pages in unavailable ranges
Oct  1 17:16:29 ubuntu-jammy kernel: [    0.005038] On node 0, zone DMA32: 16 pages in unavailable ranges
Oct  1 17:16:29 ubuntu-jammy kernel: [    0.005429] ACPI: PM-Timer IO Port: 0x4008
Oct  1 17:16:29 ubuntu-jammy kernel: [    0.005479] IOAPIC[0]: apic_id 2, version 32, address 0xfec00000, GSI 0-23
Oct  1 17:16:29 ubuntu-jammy kernel: [    0.005482] ACPI: INT_SRC_OVR (bus 0 bus_irq 0 global_irq 2 dfl dfl)
Oct  1 17:16:29 ubuntu-jammy kernel: [    0.005484] ACPI: INT_SRC_OVR (bus 0 bus_irq 9 global_irq 9 low level)
Oct  1 17:16:29 ubuntu-jammy kernel: [    0.005488] ACPI: Using ACPI (MADT) for SMP configuration information
Oct  1 17:16:29 ubuntu-jammy kernel: [    0.005493] smpboot: Allowing 2 CPUs, 0 hotplug CPUs
Oct  1 17:16:29 ubuntu-jammy kernel: [    0.005508] PM: hibernation: Registered nosave memory: [mem 0x00000000-0x00000fff]
Oct  1 17:16:29 ubuntu-jammy kernel: [    0.005510] PM: hibernation: Registered nosave memory: [mem 0x0009f000-0x000fffff]
Oct  1 17:16:29 ubuntu-jammy kernel: [    0.005512] [mem 0x40000000-0xfebfffff] available for PCI devices
Oct  1 17:16:29 ubuntu-jammy kernel: [    0.005514] Booting paravirtualized kernel on KVM
Oct  1 17:16:29 ubuntu-jammy kernel: [    0.005516] clocksource: refined-jiffies: mask: 0xffffffff max_cycles: 0xffffffff, max_idle_ns: 7645519600211568 ns
Oct  1 17:16:29 ubuntu-jammy kernel: [    0.005522] setup_percpu: NR_CPUS:8192 nr_cpumask_bits:2 nr_cpu_ids:2 nr_node_ids:1
Oct  1 17:16:29 ubuntu-jammy kernel: [    0.005603] percpu: Embedded 62 pages/cpu s217088 r8192 d28672 u1048576
Oct  1 17:16:29 ubuntu-jammy kernel: [    0.005608] pcpu-alloc: s217088 r8192 d28672 u1048576 alloc=1*2097152
Oct  1 17:16:29 ubuntu-jammy kernel: [    0.005610] pcpu-alloc: [0] 0 1 
Oct  1 17:16:29 ubuntu-jammy kernel: [    0.005631] kvm-guest: PV spinlocks enabled
Oct  1 17:16:29 ubuntu-jammy kernel: [    0.005634] PV qspinlock hash table entries: 256 (order: 0, 4096 bytes, linear)
Oct  1 17:16:29 ubuntu-jammy kernel: [    0.005640] Built 1 zonelists, mobility grouping on.  Total pages: 257776
Oct  1 17:16:29 ubuntu-jammy kernel: [    0.005642] Policy zone: DMA32
Oct  1 17:16:29 ubuntu-jammy kernel: [    0.005644] Kernel command line: BOOT_IMAGE=/boot/vmlinuz-5.15.0-194-generic root=UUID=4f096d6a-4d01-44e7-839c-7bf5ce7f6a01 ro console=tty1 console=ttyS0
Oct  1 17:16:29 ubuntu-jammy kernel: [    0.005719] Dentry cache hash table entries: 131072 (order: 8, 1048576 bytes, linear)
Oct  1 17:16:29 ubuntu-jammy kernel: [    0.005737] Inode-cache hash table entries: 65536 (order: 7, 524288 bytes, linear)
Oct  1 17:16:29 ubuntu-jammy kernel: [    0.005774] mem auto-init: stack:off, heap alloc:on, heap free:off
Oct  1 17:16:29 ubuntu-jammy kernel: [    0.007584] Memory: 937824K/1048120K available (16393K kernel code, 4402K rwdata, 11004K rodata, 3292K init, 18768K bss, 110036K reserved, 0K cma-reserved)
Oct  1 17:16:29 ubuntu-jammy kernel: [    0.008415] SLUB: HWalign=64, Order=0-3, MinObjects=0, CPUs=2, Nodes=1
Oct  1 17:16:29 ubuntu-jammy kernel: [    0.008449] Kernel/User page tables isolation: enabled
Oct  1 17:16:29 ubuntu-jammy kernel: [    0.008496] ftrace: allocating 50910 entries in 199 pages
Oct  1 17:16:29 ubuntu-jammy kernel: [    0.032535] ftrace: allocated 199 pages with 5 groups
Oct  1 17:16:29 ubuntu-jammy kernel: [    0.032676] rcu: Hierarchical RCU implementation.
Oct  1 17:16:29 ubuntu-jammy kernel: [    0.032677] rcu: #011RCU restricting CPUs from NR_CPUS=8192 to nr_cpu_ids=2.
Oct  1 17:16:29 ubuntu-jammy kernel: [    0.032679] #011Rude variant of Tasks RCU enabled.
Oct  1 17:16:29 ubuntu-jammy kernel: [    0.032680] #011Tracing variant of Tasks RCU enabled.
Oct  1 17:16:29 ubuntu-jammy kernel: [    0.032681] rcu: RCU calculated value of scheduler-enlistment delay is 25 jiffies.
Oct  1 17:16:29 ubuntu-jammy kernel: [    0.032682] rcu: Adjusting geometry for rcu_fanout_leaf=16, nr_cpu_ids=2
Oct  1 17:16:29 ubuntu-jammy kernel: [    0.038039] NR_IRQS: 524544, nr_irqs: 440, preallocated irqs: 16
Oct  1 17:16:29 ubuntu-jammy kernel: [    0.038381] random: crng init done
Oct  1 17:16:29 ubuntu-jammy kernel: [    0.047381] Console: colour VGA+ 80x25
Oct  1 17:16:29 ubuntu-jammy kernel: [    0.073249] printk: console [tty1] enabled
Oct  1 17:16:29 ubuntu-jammy kernel: [    0.168417] printk: console [ttyS0] enabled
Oct  1 17:16:29 ubuntu-jammy kernel: [    0.169336] ACPI: Core revision 20210730
Oct  1 17:16:29 ubuntu-jammy kernel: [    0.170203] APIC: Switch to symmetric I/O mode setup
Oct  1 17:16:29 ubuntu-jammy kernel: [    0.171476] x2apic enabled
Oct  1 17:16:29 ubuntu-jammy kernel: [    0.172358] Switched APIC routing to physical x2apic.
Oct  1 17:16:29 ubuntu-jammy kernel: [    0.174368] ..TIMER: vector=0x30 apic1=0 pin1=2 apic2=-1 pin2=-1
Oct  1 17:16:29 ubuntu-jammy kernel: [    0.176057] clocksource: tsc-early: mask: 0xffffffffffffffff max_cycles: 0x229835b7123, max_idle_ns: 440795242976 ns
Oct  1 17:16:29 ubuntu-jammy kernel: [    0.178445] Calibrating delay loop (skipped) preset value.. 4799.99 BogoMIPS (lpj=9599992)
Oct  1 17:16:29 ubuntu-jammy kernel: [    0.182595] Last level iTLB entries: 4KB 64, 2MB 8, 4MB 8
Oct  1 17:16:29 ubuntu-jammy kernel: [    0.183853] Last level dTLB entries: 4KB 64, 2MB 32, 4MB 32, 1GB 4
Oct  1 17:16:29 ubuntu-jammy kernel: [    0.186454] Spectre V1 : Mitigation: usercopy/swapgs barriers and __user pointer sanitization
Oct  1 17:16:29 ubuntu-jammy kernel: [    0.188141] Spectre V2 : Mitigation: Retpolines
Oct  1 17:16:29 ubuntu-jammy kernel: [    0.189659] Spectre V2 : Spectre v2 / SpectreRSB: Filling RSB on context switch and VMEXIT
Oct  1 17:16:29 ubuntu-jammy kernel: [    0.190442] RETBleed: WARNING: Spectre v2 mitigation leaves CPU vulnerable to RETBleed attacks, data leaks possible!
Oct  1 17:16:29 ubuntu-jammy kernel: [    0.192451] RETBleed: Vulnerable
Oct  1 17:16:29 ubuntu-jammy kernel: [    0.194442] Speculative Store Bypass: Vulnerable
Oct  1 17:16:29 ubuntu-jammy kernel: [    0.195349] MDS: Mitigation: Clear CPU buffers
Oct  1 17:16:29 ubuntu-jammy kernel: [    0.196298] MMIO Stale Data: Mitigation: Clear CPU buffers
Oct  1 17:16:29 ubuntu-jammy kernel: [    0.197438] SRBDS: Unknown: Dependent on hypervisor status
Oct  1 17:16:29 ubuntu-jammy kernel: [    0.198443] GDS: Unknown: Dependent on hypervisor status
Oct  1 17:16:29 ubuntu-jammy kernel: [    0.199470] active return thunk: its_return_thunk
Oct  1 17:16:29 ubuntu-jammy kernel: [    0.200389] ITS: Mitigation: Aligned branch/return thunks
Oct  1 17:16:29 ubuntu-jammy kernel: [    0.201530] x86/fpu: Supporting XSAVE feature 0x001: 'x87 floating point registers'
Oct  1 17:16:29 ubuntu-jammy kernel: [    0.202444] x86/fpu: Supporting XSAVE feature 0x002: 'SSE registers'
Oct  1 17:16:29 ubuntu-jammy kernel: [    0.203646] x86/fpu: Supporting XSAVE feature 0x004: 'AVX registers'
Oct  1 17:16:29 ubuntu-jammy kernel: [    0.206444] x86/fpu: xstate_offset[2]:  576, xstate_sizes[2]:  256
Oct  1 17:16:29 ubuntu-jammy kernel: [    0.207653] x86/fpu: Enabled xstate features 0x7, context size is 832 bytes, using 'standard' format.
Oct  1 17:16:29 ubuntu-jammy kernel: [    0.227594] Freeing SMP alternatives memory: 44K
Oct  1 17:16:29 ubuntu-jammy kernel: [    0.228687] pid_max: default: 32768 minimum: 301
Oct  1 17:16:29 ubuntu-jammy kernel: [    0.230464] LSM: Security Framework initializing
Oct  1 17:16:29 ubuntu-jammy kernel: [    0.231432] landlock: Up and running.
Oct  1 17:16:29 ubuntu-jammy kernel: [    0.232220] Yama: becoming mindful.
Oct  1 17:16:29 ubuntu-jammy kernel: [    0.232996] AppArmor: AppArmor initialized
Oct  1 17:16:29 ubuntu-jammy kernel: [    0.233957] Mount-cache hash table entries: 2048 (order: 2, 16384 bytes, linear)
Oct  1 17:16:29 ubuntu-jammy kernel: [    0.234443] Mountpoint-cache hash table entries: 2048 (order: 2, 16384 bytes, linear)
Oct  1 17:16:29 ubuntu-jammy kernel: [    0.344894] smpboot: CPU0: Intel(R) Core(TM) i5-9300H CPU @ 2.40GHz (family: 0x6, model: 0x9e, stepping: 0xa)
Oct  1 17:16:29 ubuntu-jammy kernel: [    0.346440] Performance Events: unsupported p6 CPU model 158 no PMU driver, software events only.
Oct  1 17:16:29 ubuntu-jammy kernel: [    0.346449] signal: max sigframe size: 1776
Oct  1 17:16:29 ubuntu-jammy kernel: [    0.347340] rcu: Hierarchical SRCU implementation.
Oct  1 17:16:29 ubuntu-jammy kernel: [    0.348810] NMI watchdog: Perf NMI watchdog permanently disabled
Oct  1 17:16:29 ubuntu-jammy kernel: [    0.350482] smp: Bringing up secondary CPUs ...
Oct  1 17:16:29 ubuntu-jammy kernel: [    0.351567] x86: Booting SMP configuration:
Oct  1 17:16:29 ubuntu-jammy kernel: [    0.352489] .... node  #0, CPUs:      #1
Oct  1 17:16:29 ubuntu-jammy kernel: [    0.140080] kvm-clock: cpu 1, msr 3cc01041, secondary cpu clock
Oct  1 17:16:29 ubuntu-jammy kernel: [    0.354522] smp: Brought up 1 node, 2 CPUs
Oct  1 17:16:29 ubuntu-jammy kernel: [    0.356619] smpboot: Max logical packages: 1
Oct  1 17:16:29 ubuntu-jammy kernel: [    0.358444] smpboot: Total of 2 processors activated (9599.99 BogoMIPS)
Oct  1 17:16:29 ubuntu-jammy kernel: [    0.360338] devtmpfs: initialized
Oct  1 17:16:29 ubuntu-jammy kernel: [    0.360338] x86/mm: Memory block size: 128MB
Oct  1 17:16:29 ubuntu-jammy kernel: [    0.362625] clocksource: jiffies: mask: 0xffffffff max_cycles: 0xffffffff, max_idle_ns: 7645041785100000 ns
Oct  1 17:16:29 ubuntu-jammy kernel: [    0.364529] futex hash table entries: 512 (order: 3, 32768 bytes, linear)
Oct  1 17:16:29 ubuntu-jammy kernel: [    0.366488] pinctrl core: initialized pinctrl subsystem
Oct  1 17:16:29 ubuntu-jammy kernel: [    0.367668] PM: RTC time: 17:17:45, date: 2026-10-01
Oct  1 17:16:29 ubuntu-jammy kernel: [    0.368889] NET: Registered PF_NETLINK/PF_ROUTE protocol family
Oct  1 17:16:29 ubuntu-jammy kernel: [    0.370154] DMA: preallocated 128 KiB GFP_KERNEL pool for atomic allocations
Oct  1 17:16:29 ubuntu-jammy kernel: [    0.370450] DMA: preallocated 128 KiB GFP_KERNEL|GFP_DMA pool for atomic allocations
Oct  1 17:16:29 ubuntu-jammy kernel: [    0.372169] DMA: preallocated 128 KiB GFP_KERNEL|GFP_DMA32 pool for atomic allocations
Oct  1 17:16:29 ubuntu-jammy kernel: [    0.374447] audit: initializing netlink subsys (disabled)
Oct  1 17:16:29 ubuntu-jammy kernel: [    0.375627] audit: type=2000 audit(1790875070.618:1): state=initialized audit_enabled=0 res=1
Oct  1 17:16:29 ubuntu-jammy kernel: [    0.375627] thermal_sys: Registered thermal governor 'fair_share'
Oct  1 17:16:29 ubuntu-jammy kernel: [    0.376249] thermal_sys: Registered thermal governor 'bang_bang'
Oct  1 17:16:29 ubuntu-jammy kernel: [    0.378443] thermal_sys: Registered thermal governor 'step_wise'
Oct  1 17:16:29 ubuntu-jammy kernel: [    0.379702] thermal_sys: Registered thermal governor 'user_space'
Oct  1 17:16:29 ubuntu-jammy kernel: [    0.380926] thermal_sys: Registered thermal governor 'power_allocator'
Oct  1 17:16:29 ubuntu-jammy kernel: [    0.382451] cpuidle: using governor ladder
Oct  1 17:16:29 ubuntu-jammy kernel: [    0.384756] cpuidle: using governor menu
Oct  1 17:16:29 ubuntu-jammy kernel: [    0.386480] ACPI: bus type PCI registered
Oct  1 17:16:29 ubuntu-jammy kernel: [    0.387312] acpiphp: ACPI Hot Plug PCI Controller Driver version: 0.5
Oct  1 17:16:29 ubuntu-jammy kernel: [    0.388734] PCI: Using configuration type 1 for base access
Oct  1 17:16:29 ubuntu-jammy kernel: [    0.391222] kprobes: kprobe jump-optimization is enabled. All kprobes are optimized if possible.
Oct  1 17:16:29 ubuntu-jammy kernel: [    0.394496] HugeTLB registered 2.00 MiB page size, pre-allocated 0 pages
Oct  1 17:16:29 ubuntu-jammy kernel: [    0.398524] ACPI: Added _OSI(Module Device)
Oct  1 17:16:29 ubuntu-jammy kernel: [    0.399474] ACPI: Added _OSI(Processor Device)
Oct  1 17:16:29 ubuntu-jammy kernel: [    0.402452] ACPI: Added _OSI(Processor Aggregator Device)
Oct  1 17:16:29 ubuntu-jammy kernel: [    0.403638] ACPI: Added _OSI(Linux-Dell-Video)
Oct  1 17:16:29 ubuntu-jammy kernel: [    0.404585] ACPI: Added _OSI(Linux-Lenovo-NV-HDMI-Audio)
Oct  1 17:16:29 ubuntu-jammy kernel: [    0.405633] ACPI: Added _OSI(Linux-HPI-Hybrid-Graphics)
Oct  1 17:16:29 ubuntu-jammy kernel: [    0.408898] ACPI: 2 ACPI AML tables successfully acquired and loaded
Oct  1 17:16:29 ubuntu-jammy kernel: [    0.412096] ACPI: Interpreter enabled
Oct  1 17:16:29 ubuntu-jammy kernel: [    0.413008] ACPI: PM: (supports S0 S5)
Oct  1 17:16:29 ubuntu-jammy kernel: [    0.414449] ACPI: Using IOAPIC for interrupt routing
Oct  1 17:16:29 ubuntu-jammy kernel: [    0.415836] PCI: Using host bridge windows from ACPI; if necessary, use "pci=nocrs" and report a bug
Oct  1 17:16:29 ubuntu-jammy kernel: [    0.417679] PCI: Using E820 reservations for host bridge windows
Oct  1 17:16:29 ubuntu-jammy kernel: [    0.418565] ACPI: Enabled 2 GPEs in block 00 to 07
Oct  1 17:16:29 ubuntu-jammy kernel: [    0.424851] ACPI: PCI Root Bridge [PCI0] (domain 0000 [bus 00-ff])
Oct  1 17:16:29 ubuntu-jammy kernel: [    0.426446] acpi PNP0A03:00: _OSC: OS supports [ASPM ClockPM Segments MSI EDR HPX-Type3]
Oct  1 17:16:29 ubuntu-jammy kernel: [    0.428686] acpi PNP0A03:00: _OSC: not requesting OS control; OS requires [ExtendedConfig ASPM ClockPM MSI]
Oct  1 17:16:29 ubuntu-jammy kernel: [    0.430460] acpi PNP0A03:00: fail to add MMCONFIG information, can't access extended PCI configuration space under this bridge.
Oct  1 17:16:29 ubuntu-jammy kernel: [    0.434569] PCI host bridge to bus 0000:00
Oct  1 17:16:29 ubuntu-jammy kernel: [    0.435532] pci_bus 0000:00: root bus resource [io  0x0000-0x0cf7 window]
Oct  1 17:16:29 ubuntu-jammy kernel: [    0.437297] pci_bus 0000:00: root bus resource [io  0x0d00-0xffff window]
Oct  1 17:16:29 ubuntu-jammy kernel: [    0.438447] pci_bus 0000:00: root bus resource [mem 0x000a0000-0x000bffff window]
Oct  1 17:16:29 ubuntu-jammy kernel: [    0.440290] pci_bus 0000:00: root bus resource [mem 0x40000000-0xfdffffff window]
Oct  1 17:16:29 ubuntu-jammy kernel: [    0.442135] pci_bus 0000:00: root bus resource [bus 00-ff]
Oct  1 17:16:29 ubuntu-jammy kernel: [    0.442857] pci 0000:00:00.0: [8086:1237] type 00 class 0x060000
Oct  1 17:16:29 ubuntu-jammy kernel: [    0.445095] pci 0000:00:01.0: [8086:7000] type 00 class 0x060100
Oct  1 17:16:29 ubuntu-jammy kernel: [    0.447096] pci 0000:00:01.1: [8086:7111] type 00 class 0x01018a
Oct  1 17:16:29 ubuntu-jammy kernel: [    0.448695] pci 0000:00:01.1: reg 0x20: [io  0xd000-0xd00f]
Oct  1 17:16:29 ubuntu-jammy kernel: [    0.450485] pci 0000:00:01.1: legacy IDE quirk: reg 0x10: [io  0x01f0-0x01f7]
Oct  1 17:16:29 ubuntu-jammy kernel: [    0.451995] pci 0000:00:01.1: legacy IDE quirk: reg 0x14: [io  0x03f6]
Oct  1 17:16:29 ubuntu-jammy kernel: [    0.453284] pci 0000:00:01.1: legacy IDE quirk: reg 0x18: [io  0x0170-0x0177]
Oct  1 17:16:29 ubuntu-jammy kernel: [    0.454442] pci 0000:00:01.1: legacy IDE quirk: reg 0x1c: [io  0x0376]
Oct  1 17:16:29 ubuntu-jammy kernel: [    0.456580] pci 0000:00:02.0: [80ee:beef] type 00 class 0x030000
Oct  1 17:16:29 ubuntu-jammy kernel: [    0.459313] pci 0000:00:02.0: reg 0x10: [mem 0xe0000000-0xe0ffffff pref]
Oct  1 17:16:29 ubuntu-jammy kernel: [    0.460797] pci 0000:00:02.0: Video device with shadowed ROM at [mem 0x000c0000-0x000dffff]
Oct  1 17:16:29 ubuntu-jammy kernel: [    0.463009] pci 0000:00:03.0: [8086:100e] type 00 class 0x020000
Oct  1 17:16:29 ubuntu-jammy kernel: [    0.465097] pci 0000:00:03.0: reg 0x10: [mem 0xf0000000-0xf001ffff]
Oct  1 17:16:29 ubuntu-jammy kernel: [    0.466461] pci 0000:00:03.0: reg 0x18: [io  0xd010-0xd017]
Oct  1 17:16:29 ubuntu-jammy kernel: [    0.468471] pci 0000:00:04.0: [80ee:cafe] type 00 class 0x088000
Oct  1 17:16:29 ubuntu-jammy kernel: [    0.471115] pci 0000:00:04.0: reg 0x10: [io  0xd020-0xd03f]
Oct  1 17:16:29 ubuntu-jammy kernel: [    0.472366] pci 0000:00:04.0: reg 0x14: [mem 0xf0400000-0xf07fffff]
Oct  1 17:16:29 ubuntu-jammy kernel: [    0.473654] pci 0000:00:04.0: reg 0x18: [mem 0xf0800000-0xf0803fff pref]
Oct  1 17:16:29 ubuntu-jammy kernel: [    0.475064] pci 0000:00:05.0: [8086:2415] type 00 class 0x040100
Oct  1 17:16:29 ubuntu-jammy kernel: [    0.476601] pci 0000:00:05.0: reg 0x10: [io  0xd100-0xd1ff]
Oct  1 17:16:29 ubuntu-jammy kernel: [    0.477815] pci 0000:00:05.0: reg 0x14: [io  0xd200-0xd23f]
Oct  1 17:16:29 ubuntu-jammy kernel: [    0.479282] pci 0000:00:07.0: [8086:7113] type 00 class 0x068000
Oct  1 17:16:29 ubuntu-jammy kernel: [    0.482810] pci 0000:00:07.0: quirk: [io  0x4000-0x403f] claimed by PIIX4 ACPI
Oct  1 17:16:29 ubuntu-jammy kernel: [    0.484367] pci 0000:00:07.0: quirk: [io  0x4100-0x410f] claimed by PIIX4 SMB
Oct  1 17:16:29 ubuntu-jammy kernel: [    0.486542] pci 0000:00:08.0: [8086:100e] type 00 class 0x020000
Oct  1 17:16:29 ubuntu-jammy kernel: [    0.488458] pci 0000:00:08.0: reg 0x10: [mem 0xf0820000-0xf083ffff]
Oct  1 17:16:29 ubuntu-jammy kernel: [    0.489805] pci 0000:00:08.0: reg 0x18: [io  0xd240-0xd247]
Oct  1 17:16:29 ubuntu-jammy kernel: [    0.493861] pci 0000:00:14.0: [1000:0030] type 00 class 0x010000
Oct  1 17:16:29 ubuntu-jammy kernel: [    0.495086] pci 0000:00:14.0: reg 0x10: [io  0xd300-0xd3ff]
Oct  1 17:16:29 ubuntu-jammy kernel: [    0.496217] pci 0000:00:14.0: reg 0x14: [mem 0xf0840000-0xf085ffff]
Oct  1 17:16:29 ubuntu-jammy kernel: [    0.497491] pci 0000:00:14.0: reg 0x18: [mem 0xf0860000-0xf087ffff]
Oct  1 17:16:29 ubuntu-jammy kernel: [    0.504568] ACPI: PCI: Interrupt link LNKA configured for IRQ 11
Oct  1 17:16:29 ubuntu-jammy kernel: [    0.506117] ACPI: PCI: Interrupt link LNKB configured for IRQ 10
Oct  1 17:16:29 ubuntu-jammy kernel: [    0.506549] ACPI: PCI: Interrupt link LNKC configured for IRQ 9
Oct  1 17:16:29 ubuntu-jammy kernel: [    0.507887] ACPI: PCI: Interrupt link LNKD configured for IRQ 11
Oct  1 17:16:29 ubuntu-jammy kernel: [    0.509225] iommu: Default domain type: Translated 
Oct  1 17:16:29 ubuntu-jammy kernel: [    0.510446] iommu: DMA domain TLB invalidation policy: lazy mode 
Oct  1 17:16:29 ubuntu-jammy kernel: [    0.511939] SCSI subsystem initialized
Oct  1 17:16:29 ubuntu-jammy kernel: [    0.512749] libata version 3.00 loaded.
Oct  1 17:16:29 ubuntu-jammy kernel: [    0.512749] pci 0000:00:02.0: vgaarb: setting as boot VGA device
Oct  1 17:16:29 ubuntu-jammy kernel: [    0.512749] pci 0000:00:02.0: vgaarb: VGA device added: decodes=io+mem,owns=io+mem,locks=none
Oct  1 17:16:29 ubuntu-jammy kernel: [    0.514445] pci 0000:00:02.0: vgaarb: bridge control possible
Oct  1 17:16:29 ubuntu-jammy kernel: [    0.515675] vgaarb: loaded
Oct  1 17:16:29 ubuntu-jammy kernel: [    0.518466] ACPI: bus type USB registered
Oct  1 17:16:29 ubuntu-jammy kernel: [    0.519310] usbcore: registered new interface driver usbfs
Oct  1 17:16:29 ubuntu-jammy kernel: [    0.520476] usbcore: registered new interface driver hub
Oct  1 17:16:29 ubuntu-jammy kernel: [    0.521705] usbcore: registered new device driver usb
Oct  1 17:16:29 ubuntu-jammy kernel: [    0.522462] pps_core: LinuxPPS API ver. 1 registered
Oct  1 17:16:29 ubuntu-jammy kernel: [    0.523753] pps_core: Software ver. 5.3.6 - Copyright 2005-2007 Rodolfo Giometti <giometti@linux.it>
Oct  1 17:16:29 ubuntu-jammy kernel: [    0.525597] PTP clock support registered
Oct  1 17:16:29 ubuntu-jammy kernel: [    0.526480] EDAC MC: Ver: 3.0.0
Oct  1 17:16:29 ubuntu-jammy kernel: [    0.527379] NetLabel: Initializing
Oct  1 17:16:29 ubuntu-jammy kernel: [    0.527379] NetLabel:  domain hash size = 128
Oct  1 17:16:29 ubuntu-jammy kernel: [    0.528219] NetLabel:  protocols = UNLABELED CIPSOv4 CALIPSO
Oct  1 17:16:29 ubuntu-jammy kernel: [    0.530459] NetLabel:  unlabeled traffic allowed by default
Oct  1 17:16:29 ubuntu-jammy kernel: [    0.531973] PCI: Using ACPI for IRQ routing
Oct  1 17:16:29 ubuntu-jammy kernel: [    0.531973] PCI: pci_cache_line_size set to 64 bytes
Oct  1 17:16:29 ubuntu-jammy kernel: [    0.534594] e820: reserve RAM buffer [mem 0x0009fc00-0x0009ffff]
Oct  1 17:16:29 ubuntu-jammy kernel: [    0.534596] e820: reserve RAM buffer [mem 0x3fff0000-0x3fffffff]
Oct  1 17:16:29 ubuntu-jammy kernel: [    0.534616] clocksource: Switched to clocksource kvm-clock
Oct  1 17:16:29 ubuntu-jammy kernel: [    0.548801] VFS: Disk quotas dquot_6.6.0
Oct  1 17:16:29 ubuntu-jammy kernel: [    0.549666] VFS: Dquot-cache hash table entries: 512 (order 0, 4096 bytes)
Oct  1 17:16:29 ubuntu-jammy kernel: [    0.551185] AppArmor: AppArmor Filesystem Enabled
Oct  1 17:16:29 ubuntu-jammy kernel: [    0.552182] pnp: PnP ACPI init
Oct  1 17:16:29 ubuntu-jammy kernel: [    0.553790] pnp: PnP ACPI: found 3 devices
Oct  1 17:16:29 ubuntu-jammy kernel: [    0.562320] clocksource: acpi_pm: mask: 0xffffff max_cycles: 0xffffff, max_idle_ns: 2085701024 ns
Oct  1 17:16:29 ubuntu-jammy kernel: [    0.564239] NET: Registered PF_INET protocol family
Oct  1 17:16:29 ubuntu-jammy kernel: [    0.565413] IP idents hash table entries: 16384 (order: 5, 131072 bytes, linear)
Oct  1 17:16:29 ubuntu-jammy kernel: [    0.567142] tcp_listen_portaddr_hash hash table entries: 512 (order: 1, 8192 bytes, linear)
Oct  1 17:16:29 ubuntu-jammy kernel: [    0.569696] Table-perturb hash table entries: 65536 (order: 6, 262144 bytes, linear)
Oct  1 17:16:29 ubuntu-jammy kernel: [    0.571808] TCP established hash table entries: 8192 (order: 4, 65536 bytes, linear)
Oct  1 17:16:29 ubuntu-jammy kernel: [    0.574093] TCP bind hash table entries: 8192 (order: 5, 131072 bytes, linear)
Oct  1 17:16:29 ubuntu-jammy kernel: [    0.576249] TCP: Hash tables configured (established 8192 bind 8192)
Oct  1 17:16:29 ubuntu-jammy kernel: [    0.577989] MPTCP token hash table entries: 1024 (order: 3, 24576 bytes, linear)
Oct  1 17:16:29 ubuntu-jammy kernel: [    0.580023] UDP hash table entries: 512 (order: 2, 16384 bytes, linear)
Oct  1 17:16:29 ubuntu-jammy kernel: [    0.582224] UDP-Lite hash table entries: 512 (order: 2, 16384 bytes, linear)
Oct  1 17:16:29 ubuntu-jammy kernel: [    0.583613] NET: Registered PF_UNIX/PF_LOCAL protocol family
Oct  1 17:16:29 ubuntu-jammy kernel: [    0.584789] NET: Registered PF_XDP protocol family
Oct  1 17:16:29 ubuntu-jammy kernel: [    0.585933] pci_bus 0000:00: resource 4 [io  0x0000-0x0cf7 window]
Oct  1 17:16:29 ubuntu-jammy kernel: [    0.587135] pci_bus 0000:00: resource 5 [io  0x0d00-0xffff window]
Oct  1 17:16:29 ubuntu-jammy kernel: [    0.588331] pci_bus 0000:00: resource 6 [mem 0x000a0000-0x000bffff window]
Oct  1 17:16:29 ubuntu-jammy kernel: [    0.589686] pci_bus 0000:00: resource 7 [mem 0x40000000-0xfdffffff window]
Oct  1 17:16:29 ubuntu-jammy kernel: [    0.591068] pci 0000:00:00.0: Limiting direct PCI/PCI transfers
Oct  1 17:16:29 ubuntu-jammy kernel: [    0.592270] pci 0000:00:01.0: Activating ISA DMA hang workarounds
Oct  1 17:16:29 ubuntu-jammy kernel: [    0.593631] PCI: CLS 0 bytes, default 64
Oct  1 17:16:29 ubuntu-jammy kernel: [    0.594495] Trying to unpack rootfs image as initramfs...
Oct  1 17:16:29 ubuntu-jammy kernel: [    0.600194] clocksource: tsc: mask: 0xffffffffffffffff max_cycles: 0x229835b7123, max_idle_ns: 440795242976 ns
Oct  1 17:16:29 ubuntu-jammy kernel: [    0.602250] clocksource: Switched to clocksource tsc
Oct  1 17:16:29 ubuntu-jammy kernel: [    0.603351] platform rtc_cmos: registered platform RTC device (no PNP device found)
Oct  1 17:16:29 ubuntu-jammy kernel: [    0.605531] Initialise system trusted keyrings
Oct  1 17:16:29 ubuntu-jammy kernel: [    0.606550] Key type blacklist registered
Oct  1 17:16:29 ubuntu-jammy kernel: [    0.607748] workingset: timestamp_bits=36 max_order=18 bucket_order=0
Oct  1 17:16:29 ubuntu-jammy kernel: [    0.610536] zbud: loaded
Oct  1 17:16:29 ubuntu-jammy kernel: [    0.611342] squashfs: version 4.0 (2009/01/31) Phillip Lougher
Oct  1 17:16:29 ubuntu-jammy kernel: [    0.612821] fuse: init (API version 7.34)
Oct  1 17:16:29 ubuntu-jammy kernel: [    0.613856] integrity: Platform Keyring initialized
Oct  1 17:16:29 ubuntu-jammy kernel: [    0.620722] Key type asymmetric registered
Oct  1 17:16:29 ubuntu-jammy kernel: [    0.621599] Asymmetric key parser 'x509' registered
Oct  1 17:16:29 ubuntu-jammy kernel: [    0.622702] Block layer SCSI generic (bsg) driver version 0.4 loaded (major 243)
Oct  1 17:16:29 ubuntu-jammy kernel: [    0.624294] io scheduler mq-deadline registered
Oct  1 17:16:29 ubuntu-jammy kernel: [    0.625489] shpchp: Standard Hot Plug PCI Controller Driver version: 0.4
Oct  1 17:16:29 ubuntu-jammy kernel: [    0.627050] ACPI: AC: AC Adapter [AC] (on-line)
Oct  1 17:16:29 ubuntu-jammy kernel: [    0.628028] input: Power Button as /devices/LNXSYSTM:00/LNXPWRBN:00/input/input0
Oct  1 17:16:29 ubuntu-jammy kernel: [    0.629592] ACPI: button: Power Button [PWRF]
Oct  1 17:16:29 ubuntu-jammy kernel: [    0.630564] input: Sleep Button as /devices/LNXSYSTM:00/LNXSLPBN:00/input/input1
Oct  1 17:16:29 ubuntu-jammy kernel: [    0.632091] ACPI: button: Sleep Button [SLPF]
Oct  1 17:16:29 ubuntu-jammy kernel: [    0.633367] Serial: 8250/16550 driver, 32 ports, IRQ sharing enabled
Oct  1 17:16:29 ubuntu-jammy kernel: [    0.655938] ACPI: battery: Slot [BAT0] (battery present)
Oct  1 17:16:29 ubuntu-jammy kernel: [    0.657249] 00:02: ttyS0 at I/O 0x3f8 (irq = 4, base_baud = 115200) is a 16550A
Oct  1 17:16:29 ubuntu-jammy kernel: [    0.660396] Linux agpgart interface v0.103
Oct  1 17:16:29 ubuntu-jammy kernel: [    0.662480] loop: module loaded
Oct  1 17:16:29 ubuntu-jammy kernel: [    0.663326] ata_piix 0000:00:01.1: version 2.13
Oct  1 17:16:29 ubuntu-jammy kernel: [    0.664596] scsi host0: ata_piix
Oct  1 17:16:29 ubuntu-jammy kernel: [    0.665391] scsi host1: ata_piix
Oct  1 17:16:29 ubuntu-jammy kernel: [    0.666153] ata1: PATA max UDMA/33 cmd 0x1f0 ctl 0x3f6 bmdma 0xd000 irq 14
Oct  1 17:16:29 ubuntu-jammy kernel: [    0.667595] ata2: PATA max UDMA/33 cmd 0x170 ctl 0x376 bmdma 0xd008 irq 15
Oct  1 17:16:29 ubuntu-jammy kernel: [    0.669597] tun: Universal TUN/TAP device driver, 1.6
Oct  1 17:16:29 ubuntu-jammy kernel: [    0.670761] PPP generic driver version 2.4.2
Oct  1 17:16:29 ubuntu-jammy kernel: [    0.672004] VFIO - User Level meta-driver version: 0.3
Oct  1 17:16:29 ubuntu-jammy kernel: [    0.673642] ehci_hcd: USB 2.0 'Enhanced' Host Controller (EHCI) Driver
Oct  1 17:16:29 ubuntu-jammy kernel: [    0.674970] ehci-pci: EHCI PCI platform driver
Oct  1 17:16:29 ubuntu-jammy kernel: [    0.675930] ehci-platform: EHCI generic platform driver
Oct  1 17:16:29 ubuntu-jammy kernel: [    0.677068] ohci_hcd: USB 1.1 'Open' Host Controller (OHCI) Driver
Oct  1 17:16:29 ubuntu-jammy kernel: [    0.678341] ohci-pci: OHCI PCI platform driver
Oct  1 17:16:29 ubuntu-jammy kernel: [    0.679268] ohci-platform: OHCI generic platform driver
Oct  1 17:16:29 ubuntu-jammy kernel: [    0.680402] uhci_hcd: USB Universal Host Controller Interface driver
Oct  1 17:16:29 ubuntu-jammy kernel: [    0.681742] i8042: PNP: PS/2 Controller [PNP0303:PS2K,PNP0f03:PS2M] at 0x60,0x64 irq 1,12
Oct  1 17:16:29 ubuntu-jammy kernel: [    0.684089] serio: i8042 KBD port at 0x60,0x64 irq 1
Oct  1 17:16:29 ubuntu-jammy kernel: [    0.685155] serio: i8042 AUX port at 0x60,0x64 irq 12
Oct  1 17:16:29 ubuntu-jammy kernel: [    0.686301] mousedev: PS/2 mouse device common for all mice
Oct  1 17:16:29 ubuntu-jammy kernel: [    0.687663] input: AT Translated Set 2 keyboard as /devices/platform/i8042/serio0/input/input2
Oct  1 17:16:29 ubuntu-jammy kernel: [    0.689904] rtc_cmos rtc_cmos: registered as rtc0
Oct  1 17:16:29 ubuntu-jammy kernel: [    0.690953] rtc_cmos rtc_cmos: setting system clock to 2026-10-01T17:17:45 UTC (1790875065)
Oct  1 17:16:29 ubuntu-jammy kernel: [    0.693711] rtc_cmos rtc_cmos: alarms up to one day, 114 bytes nvram
Oct  1 17:16:29 ubuntu-jammy kernel: [    0.694990] i2c_dev: i2c /dev entries driver
Oct  1 17:16:29 ubuntu-jammy kernel: [    0.696009] device-mapper: core: CONFIG_IMA_DISABLE_HTABLE is disabled. Duplicate IMA measurements will not be recorded in the IMA log.
Oct  1 17:16:29 ubuntu-jammy kernel: [    0.698587] device-mapper: uevent: version 1.0.3
Oct  1 17:16:29 ubuntu-jammy kernel: [    0.699613] device-mapper: ioctl: 4.45.0-ioctl (2021-03-22) initialised: dm-devel@redhat.com
Oct  1 17:16:29 ubuntu-jammy kernel: [    0.701388] intel_pstate: CPU model not supported
Oct  1 17:16:29 ubuntu-jammy kernel: [    0.702568] ledtrig-cpu: registered to indicate activity on CPUs
Oct  1 17:16:29 ubuntu-jammy kernel: [    0.703946] drop_monitor: Initializing network drop monitor service
Oct  1 17:16:29 ubuntu-jammy kernel: [    0.705398] NET: Registered PF_INET6 protocol family
Oct  1 17:16:29 ubuntu-jammy kernel: [    0.777745] Freeing initrd memory: 33344K
Oct  1 17:16:29 ubuntu-jammy kernel: [    0.783028] Segment Routing with IPv6
Oct  1 17:16:29 ubuntu-jammy kernel: [    0.783797] In-situ OAM (IOAM) with IPv6
Oct  1 17:16:29 ubuntu-jammy kernel: [    0.784609] NET: Registered PF_PACKET protocol family
Oct  1 17:16:29 ubuntu-jammy kernel: [    0.785754] Key type dns_resolver registered
Oct  1 17:16:29 ubuntu-jammy kernel: [    0.786865] IPI shorthand broadcast: enabled
Oct  1 17:16:29 ubuntu-jammy kernel: [    0.787840] sched_clock: Marking stable (650718275, 136080520)->(784752492, 2046303)
Oct  1 17:16:29 ubuntu-jammy kernel: [    0.789524] registered taskstats version 1
Oct  1 17:16:29 ubuntu-jammy kernel: [    0.790471] Loading compiled-in X.509 certificates
Oct  1 17:16:29 ubuntu-jammy kernel: [    0.791931] Loaded X.509 cert 'Build time autogenerated kernel key: 9d83e2f27fa0bf7fafda6a7a37a8a6eaebc407a5'
Oct  1 17:16:29 ubuntu-jammy kernel: [    0.794318] Loaded X.509 cert 'Canonical Ltd. Live Patch Signing 2025 Kmod: d541cef61dc7e793b7eb7e899970a2eef0b5dc8c'
Oct  1 17:16:29 ubuntu-jammy kernel: [    0.796875] Loaded X.509 cert 'Canonical Ltd. Live Patch Signing: 14df34d1a87cf37625abec039ef2bf521249b969'
Oct  1 17:16:29 ubuntu-jammy kernel: [    0.799144] Loaded X.509 cert 'Canonical Ltd. Kernel Module Signing 2025 Kmod: 4627603d2357a2a3f81006370894c221175893e9'
Oct  1 17:16:29 ubuntu-jammy kernel: [    0.801629] Loaded X.509 cert 'Canonical Ltd. Kernel Module Signing: 88f752e560a1e0737e31163a466ad7b70a850c19'
Oct  1 17:16:29 ubuntu-jammy kernel: [    0.803774] blacklist: Loading compiled-in revocation X.509 certificates
Oct  1 17:16:29 ubuntu-jammy kernel: [    0.805240] Loaded X.509 cert 'Canonical Ltd. Secure Boot Signing: 61482aa2830d0ab2ad5af10b7250da9033ddcef0'
Oct  1 17:16:29 ubuntu-jammy kernel: [    0.807272] Loaded X.509 cert 'Canonical Ltd. Secure Boot Signing (2017): 242ade75ac4a15e50d50c84b0d45ff3eae707a03'
Oct  1 17:16:29 ubuntu-jammy kernel: [    0.809459] Loaded X.509 cert 'Canonical Ltd. Secure Boot Signing (ESM 2018): 365188c1d374d6b07c3c8f240f8ef722433d6a8b'
Oct  1 17:16:29 ubuntu-jammy kernel: [    0.811885] Loaded X.509 cert 'Canonical Ltd. Secure Boot Signing (2019): c0746fd6c5da3ae827864651ad66ae47fe24b3e8'
Oct  1 17:16:29 ubuntu-jammy kernel: [    0.814008] Loaded X.509 cert 'Canonical Ltd. Secure Boot Signing (2021 v1): a8d54bbb3825cfb94fa13c9f8a594a195c107b8d'
Oct  1 17:16:29 ubuntu-jammy kernel: [    0.816252] Loaded X.509 cert 'Canonical Ltd. Secure Boot Signing (2021 v2): 4cf046892d6fd3c9a5b03f98d845f90851dc6a8c'
Oct  1 17:16:29 ubuntu-jammy kernel: [    0.818457] Loaded X.509 cert 'Canonical Ltd. Secure Boot Signing (2021 v3): 100437bb6de6e469b581e61cd66bce3ef4ed53af'
Oct  1 17:16:29 ubuntu-jammy kernel: [    0.820614] Loaded X.509 cert 'Canonical Ltd. Secure Boot Signing (Ubuntu Core 2019): c1d57b8f6b743f23ee41f4f7ee292f06eecadfb9'
Oct  1 17:16:29 ubuntu-jammy kernel: [    0.823056] zswap: loaded using pool lzo/zbud
Oct  1 17:16:29 ubuntu-jammy kernel: [    0.824313] Key type .fscrypt registered
Oct  1 17:16:29 ubuntu-jammy kernel: [    0.825159] Key type fscrypt-provisioning registered
Oct  1 17:16:29 ubuntu-jammy kernel: [    0.850726] Key type encrypted registered
Oct  1 17:16:29 ubuntu-jammy kernel: [    0.851642] AppArmor: AppArmor sha1 policy hashing enabled
Oct  1 17:16:29 ubuntu-jammy kernel: [    0.852792] ima: No TPM chip found, activating TPM-bypass!
Oct  1 17:16:29 ubuntu-jammy kernel: [    0.853951] Loading compiled-in module X.509 certificates
Oct  1 17:16:29 ubuntu-jammy kernel: [    0.855412] Loaded X.509 cert 'Build time autogenerated kernel key: 9d83e2f27fa0bf7fafda6a7a37a8a6eaebc407a5'
Oct  1 17:16:29 ubuntu-jammy kernel: [    0.857426] ima: Allocated hash algorithm: sha1
Oct  1 17:16:29 ubuntu-jammy kernel: [    0.858363] ima: No architecture policies found
Oct  1 17:16:29 ubuntu-jammy kernel: [    0.859297] evm: Initialising EVM extended attributes:
Oct  1 17:16:29 ubuntu-jammy kernel: [    0.860415] evm: security.selinux
Oct  1 17:16:29 ubuntu-jammy kernel: [    0.861131] evm: security.SMACK64
Oct  1 17:16:29 ubuntu-jammy kernel: [    0.861851] evm: security.SMACK64EXEC
Oct  1 17:16:29 ubuntu-jammy kernel: [    0.862634] evm: security.SMACK64TRANSMUTE
Oct  1 17:16:29 ubuntu-jammy kernel: [    0.863534] evm: security.SMACK64MMAP
Oct  1 17:16:29 ubuntu-jammy kernel: [    0.864401] evm: security.apparmor
Oct  1 17:16:29 ubuntu-jammy kernel: [    0.865170] evm: security.ima
Oct  1 17:16:29 ubuntu-jammy kernel: [    0.865862] evm: security.capability
Oct  1 17:16:29 ubuntu-jammy kernel: [    0.866617] evm: HMAC attrs: 0x1
Oct  1 17:16:29 ubuntu-jammy kernel: [    0.867610] PM:   Magic number: 14:621:288
Oct  1 17:16:29 ubuntu-jammy kernel: [    0.868484] PM:   hash matches drivers/base/power/main.c:670
Oct  1 17:16:29 ubuntu-jammy kernel: [    0.869623] tty tty21: hash matches
Oct  1 17:16:29 ubuntu-jammy kernel: [    0.870369] acpi PNP0400:01: hash matches
Oct  1 17:16:29 ubuntu-jammy kernel: [    0.871440] RAS: Correctable Errors collector initialized.
Oct  1 17:16:29 ubuntu-jammy kernel: [    0.872630] clk: Disabling unused clocks
Oct  1 17:16:29 ubuntu-jammy kernel: [    0.874718] Freeing unused decrypted memory: 2036K
Oct  1 17:16:29 ubuntu-jammy kernel: [    0.876672] Freeing unused kernel image (initmem) memory: 3292K
Oct  1 17:16:29 ubuntu-jammy kernel: [    0.877973] Write protecting the kernel read-only data: 30720k
Oct  1 17:16:29 ubuntu-jammy kernel: [    0.879732] Freeing unused kernel image (text/rodata gap) memory: 2036K
Oct  1 17:16:29 ubuntu-jammy kernel: [    0.881400] Freeing unused kernel image (rodata/data gap) memory: 1284K
Oct  1 17:16:29 ubuntu-jammy kernel: [    0.930743] x86/mm: Checked W+X mappings: passed, no W+X pages found.
Oct  1 17:16:29 ubuntu-jammy kernel: [    0.932498] x86/mm: Checking user space page tables
Oct  1 17:16:29 ubuntu-jammy kernel: [    0.979837] x86/mm: Checked W+X mappings: passed, no W+X pages found.
Oct  1 17:16:29 ubuntu-jammy kernel: [    0.981150] Run /init as init process
Oct  1 17:16:29 ubuntu-jammy kernel: [    0.981928]   with arguments:
Oct  1 17:16:29 ubuntu-jammy kernel: [    0.981929]     /init
Oct  1 17:16:29 ubuntu-jammy kernel: [    0.981930]   with environment:
Oct  1 17:16:29 ubuntu-jammy kernel: [    0.981930]     HOME=/
Oct  1 17:16:29 ubuntu-jammy kernel: [    0.981931]     TERM=linux
Oct  1 17:16:29 ubuntu-jammy kernel: [    1.082001] Fusion MPT base driver 3.04.20
Oct  1 17:16:29 ubuntu-jammy kernel: [    1.082947] Copyright (c) 1999-2008 LSI Corporation
Oct  1 17:16:29 ubuntu-jammy kernel: [    1.087754] Fusion MPT SPI Host driver 3.04.20
Oct  1 17:16:29 ubuntu-jammy kernel: [    1.096660] mptbase: ioc0: Initiating bringup
Oct  1 17:16:29 ubuntu-jammy kernel: [    1.104039] cryptd: max_cpu_qlen set to 1000
Oct  1 17:16:29 ubuntu-jammy kernel: [    1.105198] vboxvideo 0000:00:02.0: vgaarb: deactivate vga console
Oct  1 17:16:29 ubuntu-jammy kernel: [    1.107165] Console: switching to colour dummy device 80x25
Oct  1 17:16:29 ubuntu-jammy kernel: [    1.108681] [drm] VRAM 01000000
Oct  1 17:16:29 ubuntu-jammy kernel: [    1.110258] [drm] Initialized vboxvideo 1.0.0 20130823 for 0000:00:02.0 on minor 0
Oct  1 17:16:29 ubuntu-jammy kernel: [    1.111616] AVX2 version of gcm_enc/dec engaged.
Oct  1 17:16:29 ubuntu-jammy kernel: [    1.112731] fbcon: vboxvideodrmfb (fb0) is primary device
Oct  1 17:16:29 ubuntu-jammy kernel: [    1.114319] vboxvideo 0000:00:02.0: [drm] drm_plane_enable_fb_damage_clips() not called
Oct  1 17:16:29 ubuntu-jammy kernel: [    1.114327] Console: switching to colour frame buffer device 128x48
Oct  1 17:16:29 ubuntu-jammy kernel: [    1.115464] e1000: Intel(R) PRO/1000 Network Driver
Oct  1 17:16:29 ubuntu-jammy kernel: [    1.115760] vboxvideo 0000:00:02.0: [drm] fb0: vboxvideodrmfb frame buffer device
Oct  1 17:16:29 ubuntu-jammy kernel: [    1.116996] e1000: Copyright (c) 1999-2006 Intel Corporation.
Oct  1 17:16:29 ubuntu-jammy kernel: [    1.123682] AES CTR mode by8 optimization enabled
Oct  1 17:16:29 ubuntu-jammy kernel: [    1.220289] ioc0: LSI53C1030 A0: Capabilities={Initiator}
Oct  1 17:16:29 ubuntu-jammy kernel: [    1.289278] input: ImExPS/2 Generic Explorer Mouse as /devices/platform/i8042/serio1/input/input4
Oct  1 17:16:29 ubuntu-jammy kernel: [    1.463127] scsi host2: ioc0: LSI53C1030 A0, FwRev=00000000h, Ports=1, MaxQ=256, IRQ=20
Oct  1 17:16:29 ubuntu-jammy kernel: [    1.504752] e1000 0000:00:03.0 eth0: (PCI:33MHz:32-bit) 02:8e:3e:db:5c:8a
Oct  1 17:16:29 ubuntu-jammy kernel: [    1.505907] e1000 0000:00:03.0 eth0: Intel(R) PRO/1000 Network Connection
Oct  1 17:16:29 ubuntu-jammy kernel: [    1.632489] scsi 2:0:0:0: Direct-Access     VBOX     HARDDISK         1.0  PQ: 0 ANSI: 5
Oct  1 17:16:29 ubuntu-jammy kernel: [    1.748169] scsi target2:0:0: Beginning Domain Validation
Oct  1 17:16:29 ubuntu-jammy kernel: [    1.750722] scsi target2:0:0: Domain Validation skipping write tests
Oct  1 17:16:29 ubuntu-jammy kernel: [    1.751612] scsi target2:0:0: Ending Domain Validation
Oct  1 17:16:29 ubuntu-jammy kernel: [    1.752509] scsi target2:0:0: asynchronous
Oct  1 17:16:29 ubuntu-jammy kernel: [    1.753686] scsi 2:0:1:0: Direct-Access     VBOX     HARDDISK         1.0  PQ: 0 ANSI: 5
Oct  1 17:16:29 ubuntu-jammy kernel: [    1.852680] scsi target2:0:1: Beginning Domain Validation
Oct  1 17:16:29 ubuntu-jammy kernel: [    1.856114] scsi target2:0:1: Domain Validation skipping write tests
Oct  1 17:16:29 ubuntu-jammy kernel: [    1.857002] scsi target2:0:1: Ending Domain Validation
Oct  1 17:16:29 ubuntu-jammy kernel: [    1.857902] scsi target2:0:1: asynchronous
Oct  1 17:16:29 ubuntu-jammy kernel: [    1.861837] sd 2:0:0:0: [sda] 83886080 512-byte logical blocks: (42.9 GB/40.0 GiB)
Oct  1 17:16:29 ubuntu-jammy kernel: [    1.863096] sd 2:0:0:0: [sda] Write Protect is off
Oct  1 17:16:29 ubuntu-jammy kernel: [    1.864026] sd 2:0:0:0: [sda] Mode Sense: 04 00 10 00
Oct  1 17:16:29 ubuntu-jammy kernel: [    1.864143] sd 2:0:0:0: Attached scsi generic sg0 type 0
Oct  1 17:16:29 ubuntu-jammy kernel: [    1.865220] sd 2:0:0:0: [sda] Incomplete mode parameter data
Oct  1 17:16:29 ubuntu-jammy kernel: [    1.866299] sd 2:0:0:0: [sda] Assuming drive cache: write through
Oct  1 17:16:29 ubuntu-jammy kernel: [    1.866675] scsi 2:0:1:0: Attached scsi generic sg1 type 0
Oct  1 17:16:29 ubuntu-jammy kernel: [    1.868758] sd 2:0:1:0: [sdb] 20480 512-byte logical blocks: (10.5 MB/10.0 MiB)
Oct  1 17:16:29 ubuntu-jammy kernel: [    1.870326] sd 2:0:1:0: [sdb] Write Protect is off
Oct  1 17:16:29 ubuntu-jammy kernel: [    1.871261] sd 2:0:1:0: [sdb] Mode Sense: 04 00 10 00
Oct  1 17:16:29 ubuntu-jammy kernel: [    1.871539] sd 2:0:1:0: [sdb] Incomplete mode parameter data
Oct  1 17:16:29 ubuntu-jammy kernel: [    1.872679] sd 2:0:1:0: [sdb] Assuming drive cache: write through
Oct  1 17:16:29 ubuntu-jammy kernel: [    1.874821]  sda: sda1
Oct  1 17:16:29 ubuntu-jammy kernel: [    1.876839] sd 2:0:0:0: [sda] Attached SCSI disk
Oct  1 17:16:29 ubuntu-jammy kernel: [    1.878466] sd 2:0:1:0: [sdb] Attached SCSI disk
Oct  1 17:16:29 ubuntu-jammy kernel: [    1.881681] e1000 0000:00:08.0 eth1: (PCI:33MHz:32-bit) 08:00:27:65:36:ad
Oct  1 17:16:29 ubuntu-jammy kernel: [    1.883035] e1000 0000:00:08.0 eth1: Intel(R) PRO/1000 Network Connection
Oct  1 17:16:29 ubuntu-jammy kernel: [    1.887644] e1000 0000:00:08.0 enp0s8: renamed from eth1
Oct  1 17:16:29 ubuntu-jammy kernel: [    1.900941] e1000 0000:00:03.0 enp0s3: renamed from eth0
Oct  1 17:16:29 ubuntu-jammy kernel: [    2.289000] raid6: avx2x4   gen() 44256 MB/s
Oct  1 17:16:29 ubuntu-jammy kernel: [    2.356409] raid6: avx2x4   xor() 20566 MB/s
Oct  1 17:16:29 ubuntu-jammy kernel: [    2.424468] raid6: avx2x2   gen() 42806 MB/s
Oct  1 17:16:29 ubuntu-jammy kernel: [    2.492170] raid6: avx2x2   xor() 24053 MB/s
Oct  1 17:16:29 ubuntu-jammy kernel: [    2.560345] raid6: avx2x1   gen() 25173 MB/s
Oct  1 17:16:29 ubuntu-jammy kernel: [    2.628349] raid6: avx2x1   xor() 18032 MB/s
Oct  1 17:16:29 ubuntu-jammy kernel: [    2.696247] raid6: sse2x4   gen() 17780 MB/s
Oct  1 17:16:29 ubuntu-jammy kernel: [    2.764293] raid6: sse2x4   xor() 10716 MB/s
Oct  1 17:16:29 ubuntu-jammy kernel: [    2.832194] raid6: sse2x2   gen() 18186 MB/s
Oct  1 17:16:29 ubuntu-jammy kernel: [    2.900120] raid6: sse2x2   xor() 11193 MB/s
Oct  1 17:16:29 ubuntu-jammy kernel: [    2.968099] raid6: sse2x1   gen() 15304 MB/s
Oct  1 17:16:29 ubuntu-jammy kernel: [    3.036134] raid6: sse2x1   xor()  7589 MB/s
Oct  1 17:16:29 ubuntu-jammy kernel: [    3.037044] raid6: using algorithm avx2x4 gen() 44256 MB/s
Oct  1 17:16:29 ubuntu-jammy kernel: [    3.038086] raid6: .... xor() 20566 MB/s, rmw enabled
Oct  1 17:16:29 ubuntu-jammy kernel: [    3.039030] raid6: using avx2x2 recovery algorithm
Oct  1 17:16:29 ubuntu-jammy kernel: [    3.040960] xor: automatically using best checksumming function   avx       
Oct  1 17:16:29 ubuntu-jammy kernel: [    3.043266] async_tx: api initialized (async)
Oct  1 17:16:29 ubuntu-jammy kernel: [    3.100026] Btrfs loaded, crc32c=crc32c-intel, zoned=yes, fsverity=yes
Oct  1 17:16:29 ubuntu-jammy kernel: [    3.337172] EXT4-fs (sda1): mounted filesystem with ordered data mode. Opts: (null). Quota mode: none.
Oct  1 17:16:29 ubuntu-jammy kernel: [    3.581340] systemd[1]: Inserted module 'autofs4'
Oct  1 17:16:29 ubuntu-jammy kernel: [    3.607435] systemd[1]: systemd 249.11-0ubuntu3.22 running in system mode (+PAM +AUDIT +SELINUX +APPARMOR +IMA +SMACK +SECCOMP +GCRYPT +GNUTLS +OPENSSL +ACL +BLKID +CURL +ELFUTILS +FIDO2 +IDN2 -IDN +IPTC +KMOD +LIBCRYPTSETUP +LIBFDISK +PCRE2 -PWQUALITY -P11KIT -QRENCODE +BZIP2 +LZ4 +XZ +ZLIB +ZSTD -XKBCOMMON +UTMP +SYSVINIT default-hierarchy=unified)
Oct  1 17:16:29 ubuntu-jammy kernel: [    3.614781] systemd[1]: Detected virtualization oracle.
Oct  1 17:16:29 ubuntu-jammy kernel: [    3.616460] systemd[1]: Detected architecture x86-64.
Oct  1 17:16:29 ubuntu-jammy kernel: [    3.619739] systemd[1]: Hostname set to <ubuntu-jammy>.
Oct  1 17:16:29 ubuntu-jammy kernel: [    3.825047] systemd[1]: Configuration file /run/systemd/system/netplan-ovs-cleanup.service is marked world-inaccessible. This has no effect as configuration data is accessible via APIs without restrictions. Proceeding anyway.
Oct  1 17:16:29 ubuntu-jammy kernel: [    3.846461] systemd[1]: /lib/systemd/system/snapd.service:23: Unknown key name 'RestartMode' in section 'Service', ignoring.
Oct  1 17:16:29 ubuntu-jammy kernel: [    3.914567] systemd[1]: Queued start job for default target Graphical Interface.
Oct  1 17:16:29 ubuntu-jammy kernel: [    3.917662] systemd[1]: Created slice Slice /system/modprobe.
Oct  1 17:16:29 ubuntu-jammy kernel: [    3.919691] systemd[1]: Created slice Slice /system/serial-getty.
Oct  1 17:16:29 ubuntu-jammy kernel: [    3.921808] systemd[1]: Created slice User and Session Slice.
Oct  1 17:16:29 ubuntu-jammy kernel: [    3.923858] systemd[1]: Started Forward Password Requests to Wall Directory Watch.
Oct  1 17:16:29 ubuntu-jammy kernel: [    3.936767] systemd[1]: Set up automount Arbitrary Executable File Formats File System Automount Point.
Oct  1 17:16:29 ubuntu-jammy kernel: [    3.948581] systemd[1]: Reached target Slice Units.
Oct  1 17:16:29 ubuntu-jammy kernel: [    3.961576] systemd[1]: Reached target Mounting snaps.
Oct  1 17:16:29 ubuntu-jammy kernel: [    3.963749] systemd[1]: Reached target Swaps.
Oct  1 17:16:29 ubuntu-jammy kernel: [    3.977092] systemd[1]: Reached target Local Verity Protected Volumes.
Oct  1 17:16:29 ubuntu-jammy kernel: [    3.979448] systemd[1]: Listening on Device-mapper event daemon FIFOs.
Oct  1 17:16:29 ubuntu-jammy kernel: [    3.981713] systemd[1]: Listening on LVM2 poll daemon socket.
Oct  1 17:16:29 ubuntu-jammy kernel: [    3.983867] systemd[1]: Listening on multipathd control socket.
Oct  1 17:16:29 ubuntu-jammy kernel: [    3.986175] systemd[1]: Listening on Syslog Socket.
Oct  1 17:16:29 ubuntu-jammy kernel: [    3.988355] systemd[1]: Listening on fsck to fsckd communication Socket.
Oct  1 17:16:29 ubuntu-jammy kernel: [    4.000604] systemd[1]: Listening on initctl Compatibility Named Pipe.
Oct  1 17:16:29 ubuntu-jammy kernel: [    4.012946] systemd[1]: Listening on Journal Audit Socket.
Oct  1 17:16:29 ubuntu-jammy kernel: [    4.014927] systemd[1]: Listening on Journal Socket (/dev/log).
Oct  1 17:16:29 ubuntu-jammy kernel: [    4.017045] systemd[1]: Listening on Journal Socket.
Oct  1 17:16:29 ubuntu-jammy kernel: [    4.029046] systemd[1]: Listening on Network Service Netlink Socket.
Oct  1 17:16:29 ubuntu-jammy kernel: [    4.040287] systemd[1]: Listening on udev Control Socket.
Oct  1 17:16:29 ubuntu-jammy kernel: [    4.042269] systemd[1]: Listening on udev Kernel Socket.
Oct  1 17:16:29 ubuntu-jammy kernel: [    4.044889] systemd[1]: Mounting Huge Pages File System...
Oct  1 17:16:29 ubuntu-jammy kernel: [    4.047287] systemd[1]: Mounting POSIX Message Queue File System...
Oct  1 17:16:29 ubuntu-jammy kernel: [    4.050107] systemd[1]: Mounting Kernel Debug File System...
Oct  1 17:16:29 ubuntu-jammy kernel: [    4.052920] systemd[1]: Mounting Kernel Trace File System...
Oct  1 17:16:29 ubuntu-jammy kernel: [    4.070670] systemd[1]: Starting Journal Service...
Oct  1 17:16:29 ubuntu-jammy kernel: [    4.085795] systemd[1]: Starting Set the console keyboard layout...
Oct  1 17:16:29 ubuntu-jammy kernel: [    4.088503] systemd[1]: Starting Create List of Static Device Nodes...
Oct  1 17:16:29 ubuntu-jammy kernel: [    4.091410] systemd[1]: Starting Monitoring of LVM2 mirrors, snapshots etc. using dmeventd or progress polling...
Oct  1 17:16:29 ubuntu-jammy kernel: [    4.096671] systemd[1]: Condition check resulted in LXD - agent being skipped.
Oct  1 17:16:29 ubuntu-jammy kernel: [    4.100024] systemd[1]: Starting Load Kernel Module configfs...
Oct  1 17:16:29 ubuntu-jammy kernel: [    4.104116] systemd[1]: Starting Load Kernel Module drm...
Oct  1 17:16:29 ubuntu-jammy kernel: [    4.106499] systemd[1]: Starting Load Kernel Module efi_pstore...
Oct  1 17:16:29 ubuntu-jammy kernel: [    4.120884] systemd[1]: Starting Load Kernel Module fuse...
Oct  1 17:16:29 ubuntu-jammy kernel: [    4.124174] systemd[1]: Condition check resulted in OpenVSwitch configuration for cleanup being skipped.
Oct  1 17:16:29 ubuntu-jammy kernel: [    4.126120] systemd[1]: Condition check resulted in File System Check on Root Device being skipped.
Oct  1 17:16:29 ubuntu-jammy kernel: [    4.130245] systemd[1]: Starting Load Kernel Modules...
Oct  1 17:16:29 ubuntu-jammy kernel: [    4.145287] systemd[1]: Starting Remount Root and Kernel File Systems...
Oct  1 17:16:29 ubuntu-jammy kernel: [    4.152289] EXT4-fs (sda1): re-mounted. Opts: discard,errors=remount-ro. Quota mode: none.
Oct  1 17:16:29 ubuntu-jammy kernel: [    4.156972] systemd[1]: Starting Coldplug All udev Devices...
Oct  1 17:16:29 ubuntu-jammy kernel: [    4.160576] systemd[1]: Started Journal Service.
Oct  1 17:16:29 ubuntu-jammy kernel: [    4.263721] systemd-journald[368]: Received client request to flush runtime journal.
Oct  1 17:16:29 ubuntu-jammy kernel: [    4.268823] alua: device handler registered
Oct  1 17:16:29 ubuntu-jammy kernel: [    4.272709] emc: device handler registered
Oct  1 17:16:29 ubuntu-jammy kernel: [    4.282376] rdac: device handler registered
Oct  1 17:16:29 ubuntu-jammy kernel: [    4.613235] loop0: detected capacity change from 0 to 151512
Oct  1 17:16:29 ubuntu-jammy kernel: [    4.616155] loop1: detected capacity change from 0 to 236152
Oct  1 17:16:29 ubuntu-jammy kernel: [    4.620661] loop2: detected capacity change from 0 to 235904
Oct  1 17:16:29 ubuntu-jammy kernel: [    4.622468] loop3: detected capacity change from 0 to 102952
Oct  1 17:16:29 ubuntu-jammy kernel: [    4.713873] audit: type=1400 audit(1790875069.520:2): apparmor="STATUS" operation="profile_load" profile="unconfined" name="lsb_release" pid=438 comm="apparmor_parser"
Oct  1 17:16:29 ubuntu-jammy kernel: [    4.713917] audit: type=1400 audit(1790875069.520:3): apparmor="STATUS" operation="profile_load" profile="unconfined" name="nvidia_modprobe" pid=439 comm="apparmor_parser"
Oct  1 17:16:29 ubuntu-jammy kernel: [    4.713920] audit: type=1400 audit(1790875069.520:4): apparmor="STATUS" operation="profile_load" profile="unconfined" name="nvidia_modprobe//kmod" pid=439 comm="apparmor_parser"
Oct  1 17:16:29 ubuntu-jammy kernel: [    4.740039] audit: type=1400 audit(1790875069.544:5): apparmor="STATUS" operation="profile_load" profile="unconfined" name="/usr/lib/NetworkManager/nm-dhcp-client.action" pid=441 comm="apparmor_parser"
Oct  1 17:16:29 ubuntu-jammy kernel: [    4.740046] audit: type=1400 audit(1790875069.544:6): apparmor="STATUS" operation="profile_load" profile="unconfined" name="/usr/lib/NetworkManager/nm-dhcp-helper" pid=441 comm="apparmor_parser"
Oct  1 17:16:29 ubuntu-jammy kernel: [    4.740049] audit: type=1400 audit(1790875069.544:7): apparmor="STATUS" operation="profile_load" profile="unconfined" name="/usr/lib/connman/scripts/dhclient-script" pid=441 comm="apparmor_parser"
Oct  1 17:16:29 ubuntu-jammy kernel: [    4.740052] audit: type=1400 audit(1790875069.544:8): apparmor="STATUS" operation="profile_load" profile="unconfined" name="/{,usr/}sbin/dhclient" pid=441 comm="apparmor_parser"
Oct  1 17:16:29 ubuntu-jammy kernel: [    4.744452] audit: type=1400 audit(1790875069.552:9): apparmor="STATUS" operation="profile_load" profile="unconfined" name="ubuntu_pro_apt_news" pid=448 comm="apparmor_parser"
Oct  1 17:16:29 ubuntu-jammy kernel: [    4.776396] audit: type=1400 audit(1790875069.572:10): apparmor="STATUS" operation="profile_load" profile="unconfined" name="/usr/bin/man" pid=450 comm="apparmor_parser"
Oct  1 17:16:29 ubuntu-jammy kernel: [    4.958260] vboxguest: host-version: 7.0.16r162802 0x8000000f
Oct  1 17:16:29 ubuntu-jammy kernel: [    4.958967] vbg_heartbeat_init: Setting up heartbeat to trigger every 2000 milliseconds
Oct  1 17:16:29 ubuntu-jammy kernel: [    4.959175] input: VirtualBox mouse integration as /devices/pci0000:00/0000:00:04.0/input/input5
Oct  1 17:16:29 ubuntu-jammy kernel: [    4.959943] vboxguest: misc device minor 123, IRQ 20, I/O port d020, MMIO at 0x00000000f0400000 (size 0x0000000000400000)
Oct  1 17:16:29 ubuntu-jammy kernel: [    4.964793] ACPI: video: Video Device [GFX0] (multi-head: yes  rom: no  post: no)
Oct  1 17:16:29 ubuntu-jammy kernel: [    4.964854] input: Video Bus as /devices/LNXSYSTM:00/LNXSYBUS:00/PNP0A03:00/LNXVIDEO:00/input/input6
Oct  1 17:16:29 ubuntu-jammy kernel: [    5.903472] ISO 9660 Extensions: Microsoft Joliet Level 3
Oct  1 17:16:29 ubuntu-jammy kernel: [    5.903663] ISO 9660 Extensions: RRIP_1991A
Oct  1 17:16:29 ubuntu-jammy kernel: [    6.112783] e1000: enp0s8 NIC Link is Up 1000 Mbps Full Duplex, Flow Control: RX
Oct  1 17:16:29 ubuntu-jammy kernel: [    6.113092] IPv6: ADDRCONF(NETDEV_CHANGE): enp0s8: link becomes ready
Oct  1 17:16:29 ubuntu-jammy kernel: [    6.116718] e1000: enp0s3 NIC Link is Up 1000 Mbps Full Duplex, Flow Control: RX
Oct  1 17:16:29 ubuntu-jammy kernel: [    6.116754] IPv6: ADDRCONF(NETDEV_CHANGE): enp0s3: link becomes ready
Oct  1 17:16:29 ubuntu-jammy kernel: [   21.529029] loop4: detected capacity change from 0 to 8
Oct  1 17:16:30 ubuntu-jammy kernel: [   22.280473] kauditd_printk_skb: 28 callbacks suppressed
Oct  1 17:16:30 ubuntu-jammy kernel: [   22.280475] audit: type=1400 audit(1790874990.650:39): apparmor="STATUS" operation="profile_replace" info="same as current profile, skipping" profile="unconfined" name="/usr/lib/snapd/snap-confine" pid=838 comm="apparmor_parser"
